,Sector_1,Sector_2,Duration
0,5,6,0.6364038972542072
1,5,151,0.5917626217891939
2,5,155,0.5496014171833481
3,5,156,0.6913197519929141
4,5,157,0.8241806908768822
5,5,159,0.5379096545615589
6,5,160,0.8574844995571302
7,5,161,0.704074402125775
8,5,162,0.7352524357838794
9,5,165,0.7954827280779451
10,5,166,0.7848538529672276
11,5,2,0.5102745792736935
12,5,3,0.6137289636846767
13,5,4,0.5446412754650132
14,52,59,0.7568644818423383
15,52,75,0.5570416297608503
16,52,76,0.4418954827280779
17,52,77,0.699822852081488
18,52,78,0.7643046944198405
19,52,95,0.47165633303808674
20,52,97,0.4929140832595217
21,52,98,0.6105403011514614
22,52,99,0.5173604960141718
23,52,100,0.48157661647475636
24,52,101,0.5938883968113374
25,52,102,0.6144375553587245
26,52,203,0.5131089459698848
27,52,206,0.633215234720992
28,52,110,0.5960141718334809
29,52,209,0.7086802480070858
30,52,210,0.6395925597874225
31,52,111,0.7285208148804252
32,52,213,0.6817537643932683
33,52,216,0.5744021257750221
34,52,217,0.6254207263064658
35,52,136,0.7848538529672276
36,52,137,0.5754650132860939
37,52,50,0.4755535872453498
38,52,51,0.4720106288751107
39,53,54,0.8674047829937999
40,53,55,0.7926483613817537
41,53,59,0.6658104517271922
42,53,60,0.80859167404783
43,53,64,0.7271036315323295
44,53,65,0.7880425155004429
45,53,66,0.6123117803365811
46,53,67,0.6608503100088574
47,53,71,0.5099202834366696
48,53,72,0.5726306465899025
49,53,77,0.7072630646589902
50,53,78,0.5761736049601417
51,53,79,0.8068201948627103
52,53,81,0.7522586359610274
53,53,82,0.7611160318866252
54,53,187,0.7604074402125776
55,53,101,0.6013286093888397
56,53,190,0.7940655447298495
57,53,102,0.6218777679362267
58,53,105,0.7235606731620903
59,53,106,0.8698848538529672
60,53,107,0.7419840566873339
61,53,108,0.6077059344552701
62,53,202,0.7370239149689991
63,53,109,0.5953055801594331
64,53,203,0.6750221434898139
65,53,204,0.703720106288751
66,53,110,0.7579273693534101
67,53,207,0.683525243578388
68,53,209,0.6689991142604075
69,53,111,0.6686448184233835
70,53,213,0.6891939769707706
71,53,112,0.6594331266607617
72,53,113,0.5885739592559788
73,53,114,0.5173604960141718
74,53,217,0.6328609388839681
75,53,115,0.7504871567759078
76,53,116,0.762533215234721
77,53,119,0.7193091231178033
78,53,120,0.7278122232063773
79,53,136,0.5967227635075287
80,53,137,0.737378210806023
81,54,55,0.8443755535872454
82,54,56,0.7565101860053144
83,54,59,0.6144375553587245
84,54,60,0.7806023029229406
85,54,64,0.778830823737821
86,54,65,0.7366696191319752
87,54,66,0.6640389725420726
88,54,67,0.712577502214349
89,54,72,0.5212577502214348
90,54,73,0.5549158547387067
91,54,77,0.6558901682905226
92,54,78,0.5428697962798936
93,54,79,0.8369353410097431
94,54,81,0.8039858281665191
95,54,82,0.8128432240921168
96,54,83,0.6895482728077944
97,54,187,0.7093888396811336
98,54,190,0.7430469441984057
99,54,105,0.6721877767936226
100,54,106,0.7558015943312666
101,54,199,0.6505757307351638
102,54,107,0.7937112488928255
103,54,200,0.6268379096545615
104,54,202,0.7887511071744907
105,54,109,0.5439326837909654
106,54,204,0.7550930026572188
107,54,110,0.7069087688219663
108,54,207,0.7348981399468556
109,54,111,0.6172719220549158
110,54,213,0.7405668733392382
111,54,112,0.7111603188662533
112,54,113,0.6399468556244464
113,54,114,0.5099202834366696
114,54,115,0.7224977856510185
115,54,116,0.8142604074402126
116,54,118,0.48370239149689986
117,54,119,0.7710363153232949
118,54,120,0.7791851195748449
119,54,121,0.7324180690876883
120,54,122,0.5892825509300266
121,54,124,0.5719220549158547
122,54,125,0.6906111603188663
123,54,136,0.5634189548272808
124,54,137,0.6860053144375553
125,55,56,0.8316209034543844
126,55,57,0.7366696191319752
127,55,60,0.5967227635075287
128,55,61,0.5807794508414525
129,55,64,0.8178033658104518
130,55,65,0.5825509300265722
131,55,66,0.633215234720992
132,55,67,0.6817537643932683
133,55,68,0.5758193091231177
134,55,72,0.3671390611160318
135,55,73,0.5240921169176262
136,55,74,0.5531443755535872
137,55,79,0.6254207263064658
138,55,80,0.6792736935341009
139,55,81,0.7178919397697077
140,55,82,0.7147032772364924
141,55,83,0.7643046944198405
142,55,85,0.5187776793622675
143,55,190,0.5885739592559788
144,55,106,0.6576616474756422
145,55,199,0.7253321523472098
146,55,107,0.695571302037201
147,55,200,0.7015943312666075
148,55,202,0.6906111603188663
149,55,204,0.7742249778565101
150,55,110,0.5460584588131089
151,55,207,0.754030115146147
152,55,111,0.45642161204605847
153,55,112,0.7299379982285208
154,55,113,0.6094774136403897
155,55,114,0.4790965456155889
156,55,115,0.6176262178919398
157,55,116,0.5906997342781222
158,55,118,0.4475642161204606
159,55,119,0.6860053144375553
160,55,120,0.853941541186891
161,55,121,0.8071744906997342
162,55,122,0.6640389725420726
163,55,123,0.5605845881310895
164,55,124,0.6466784765279008
165,55,125,0.7653675819309123
166,55,127,0.6565987599645704
167,55,128,0.7182462356067316
168,55,136,0.5007085916740478
169,56,57,0.8231178033658104
170,56,60,0.5797165633303809
171,56,61,0.6672276350752879
172,56,64,0.5382639503985828
173,56,66,0.579362267493357
174,56,67,0.6279007971656333
175,56,68,0.6619131975199292
176,56,69,0.6672276350752879
177,56,74,0.5053144375553587
178,56,79,0.5963684676705049
179,56,80,0.6254207263064658
180,56,81,0.6640389725420726
181,56,83,0.7104517271922055
182,56,84,0.7419840566873339
183,56,85,0.6052258635961028
184,56,88,0.7150575730735164
185,56,89,0.6906111603188663
186,56,90,0.7196634189548272
187,56,199,0.8117803365810452
188,56,107,0.6785651018600531
189,56,200,0.7880425155004429
190,56,204,0.7572187776793622
191,56,207,0.7370239149689991
192,56,112,0.7129317980513729
193,56,113,0.5556244464127547
194,56,114,0.42559787422497775
195,56,115,0.5637732506643046
196,56,116,0.5736935341009743
197,56,118,0.39973427812223206
198,56,119,0.6321523472099203
199,56,120,0.5591674047829938
200,56,121,0.6782108060230292
201,56,122,0.7504871567759078
202,56,123,0.6466784765279008
203,56,124,0.733126660761736
204,56,125,0.8518157661647475
205,56,126,0.6877767936226749
206,56,127,0.7430469441984057
207,56,128,0.8046944198405669
208,56,130,0.658015943312666
209,57,61,0.7632418069087687
210,57,62,0.40186005314437545
211,57,64,0.4950398582816652
212,57,67,0.6002657218777679
213,57,68,0.6342781222320637
214,57,69,0.6395925597874225
215,57,80,0.5974313551815766
216,57,81,0.6360496014171834
217,57,83,0.68281665190434
218,57,84,0.8379982285208148
219,57,85,0.6852967227635075
220,57,87,0.4897254207263064
221,57,88,0.8110717449069973
222,57,89,0.7866253321523472
223,57,90,0.8156775907883083
224,57,91,0.4085916740478299
225,57,171,0.5882196634189548
226,57,199,0.7267493356953055
227,57,200,0.7033658104517271
228,57,115,0.5361381753764393
229,57,116,0.4890168290522585
230,57,118,0.37174490699734275
231,57,119,0.6045172719220548
232,57,120,0.5315323294951284
233,57,121,0.5935341009743135
234,57,122,0.6654561558901683
235,57,123,0.6190434012400354
236,57,124,0.7051372896368467
237,57,125,0.6537643932683791
238,57,126,0.6601417183348095
239,57,127,0.7150575730735164
240,57,128,0.6066430469441983
241,57,130,0.7543844109831709
242,57,131,0.7483613817537644
243,6,7,0.4482728077945084
244,6,150,0.5960141718334809
245,6,151,0.5719220549158547
246,6,154,0.583613817537644
247,6,155,0.6952170062001771
248,6,156,0.6594331266607617
249,6,157,0.791939769707706
250,6,158,0.5573959255978742
251,6,159,0.5060230292294066
252,6,160,0.8255978742249779
253,6,161,0.6721877767936226
254,6,162,0.7033658104517271
255,6,165,0.7635961027457927
256,6,166,0.7529672276350753
257,6,2,0.6562444641275464
258,6,3,0.7596988485385296
259,6,4,0.6906111603188663
260,58,70,0.5106288751107174
261,58,75,0.6073516386182463
262,58,76,0.637466784765279
263,58,92,0.48015943312666065
264,58,93,0.49255978742249773
265,58,94,0.795837023914969
266,58,95,0.7054915854738706
267,58,96,0.8234720992028344
268,58,97,0.7271036315323295
269,58,98,0.3434012400354295
270,58,99,0.6116031886625333
271,58,206,0.3657218777679363
272,58,208,0.5821966341895483
273,58,210,0.37245349867139055
274,58,212,0.562356067316209
275,58,214,0.4589016829052258
276,58,216,0.5570416297608503
277,58,218,0.7993799822852081
278,58,219,0.6140832595217006
279,58,133,0.7632418069087687
280,58,49,0.7643046944198405
281,58,50,0.7097431355181576
282,58,51,0.6672276350752879
283,59,60,0.6133746678476528
284,59,65,0.5928255093002657
285,59,66,0.41709477413640395
286,59,71,0.5028343666961913
287,59,72,0.4195748449955713
288,59,77,0.8620903454384411
289,59,78,0.7310008857395925
290,59,79,0.6116031886625333
291,59,82,0.5658990256864481
292,59,98,0.7062001771479185
293,59,99,0.6130203720106289
294,59,100,0.5772364924712134
295,59,187,0.5655447298494243
296,59,101,0.5609388839681134
297,59,190,0.5992028343666962
298,59,102,0.5811337466784765
299,59,103,0.5722763507528786
300,59,104,0.5322409211691762
301,59,105,0.5283436669619131
302,59,106,0.6746678476527901
303,59,107,0.5467670504871568
304,59,108,0.5102745792736935
305,59,202,0.541806908768822
306,59,109,0.44224977856510184
307,59,203,0.4798051372896368
308,59,110,0.5630646589902568
309,59,209,0.8043401240035429
310,59,111,0.6952170062001771
311,59,213,0.6484499557130203
312,59,113,0.39335695305580154
313,59,217,0.5924712134632418
314,59,136,0.7515500442869796
315,59,137,0.5421612046058458
316,59,51,0.5676705048715677
317,60,64,0.662621789193977
318,60,65,0.6675819309123118
319,60,66,0.6473870682019486
320,60,67,0.6959255978742249
321,60,68,0.4029229406554473
322,60,71,0.3894596988485385
323,60,72,0.45217006200177146
324,60,73,0.5382639503985828
325,60,74,0.5673162090345438
326,60,77,0.5868024800708591
327,60,78,0.45571302037201056
328,60,79,0.7674933569530558
329,60,80,0.6934455270150575
330,60,81,0.787333923826395
331,60,82,0.6966341895482728
332,60,83,0.5917626217891939
333,60,187,0.6399468556244464
334,60,190,0.6736049601417182
335,60,104,0.41851195748449943
336,60,105,0.6031000885739592
337,60,106,0.6395925597874225
338,60,107,0.6775022143489813
339,60,200,0.5290522586359611
340,60,108,0.48724534986713897
341,60,202,0.6725420726306466
342,60,109,0.474844995571302
343,60,203,0.5545615589016829
344,60,204,0.6388839681133747
345,60,110,0.637466784765279
346,60,207,0.6186891054030115
347,60,111,0.5481842338352524
348,60,112,0.5949512843224092
349,60,113,0.6236492471213463
350,60,114,0.49326837909654553
351,60,115,0.8610274579273693
352,60,116,0.6980513728963684
353,60,117,0.4943312666076173
354,60,118,0.4613817537643933
355,60,119,0.7543844109831709
356,60,120,0.6813994685562444
357,60,121,0.6346324180690877
358,60,122,0.491496899911426
359,60,123,0.38768821966341893
360,60,124,0.47378210806023024
361,60,136,0.47590788308237375
362,60,137,0.6169176262178919
363,61,62,0.453941541186891
364,61,64,0.6509300265721878
365,61,67,0.7561558901682905
366,61,68,0.7901682905225864
367,61,69,0.7954827280779451
368,61,74,0.6335695305580159
369,61,80,0.7533215234720991
370,61,81,0.791939769707706
371,61,83,0.8387068201948626
372,61,84,0.699822852081488
373,61,85,0.5630646589902568
374,61,87,0.645615589016829
375,61,88,0.6728963684676705
376,61,89,0.6484499557130203
377,61,90,0.6775022143489813
378,61,91,0.46067316209034537
379,61,171,0.7441098317094774
380,61,199,0.7696191319751993
381,61,200,0.7462356067316209
382,61,115,0.6920283436669619
383,61,118,0.5276350752878654
384,61,119,0.7604074402125776
385,61,120,0.6874224977856509
386,61,121,0.6403011514614703
387,61,122,0.708325952170062
388,61,123,0.7749335695305579
389,61,124,0.8610274579273693
390,61,125,0.8100088573959257
391,61,126,0.8160318866253321
392,61,127,0.870947741364039
393,61,128,0.7628875110717449
394,61,129,0.5775907883082374
395,61,130,0.6162090345438441
396,61,131,0.6101860053144376
397,62,63,0.4656333038086802
398,62,69,0.708325952170062
399,62,84,0.6126660761736049
400,62,85,0.6672276350752879
401,62,86,0.4344552701505757
402,62,87,0.558458813108946
403,62,88,0.5857395925597875
404,62,89,0.5612931798051373
405,62,90,0.5903454384410983
406,62,91,0.42134632418069085
407,62,168,0.4656333038086802
408,62,123,0.6877767936226749
409,62,124,0.7738706820194863
410,62,126,0.728875110717449
411,62,127,0.7837909654561559
412,62,128,0.6753764393268379
413,62,129,0.4904340124003542
414,62,130,0.8702391496899912
415,62,131,0.8064658990256864
416,62,132,0.5042515500442869
417,62,221,0.4840566873339238
418,7,8,0.787333923826395
419,7,156,0.6126660761736049
420,7,157,0.745527015057573
421,7,160,0.6009743135518157
422,7,161,0.8496899911426041
423,7,162,0.8808680248007086
424,7,165,0.7168290522586359
425,7,166,0.7062001771479185
426,7,170,0.8585473870682019
427,7,173,0.3111603188662533
428,7,174,0.2959255978742249
429,7,175,0.770682019486271
430,7,181,0.3880425155004428
431,7,182,0.34517271922054915
432,7,184,0.20628875110717448
433,63,84,0.5605845881310895
434,63,86,0.3823737821080603
435,63,89,0.5092116917626217
436,63,90,0.5382639503985828
437,63,91,0.8737821080602303
438,63,168,0.41355181576616473
439,63,129,0.4383525243578388
440,63,130,0.8181576616474756
441,63,131,0.7543844109831709
442,63,132,0.45217006200177146
443,63,221,0.43197519929140826
444,64,65,0.6356953055801594
445,64,66,0.5
446,64,67,0.5485385296722763
447,64,68,0.3370239149689991
448,64,79,0.6728963684676705
449,64,81,0.6399468556244464
450,64,82,0.7745792736935341
451,64,83,0.5255093002657218
452,64,85,0.5726306465899025
453,64,190,0.641718334809566
454,64,106,0.7175376439326837
455,64,199,0.6140832595217006
456,64,107,0.7554472984942426
457,64,200,0.6590788308237377
458,64,202,0.7504871567759078
459,64,204,0.833746678476528
460,64,110,0.6055801594331266
461,64,207,0.8135518157661648
462,64,111,0.5162976085031
463,64,112,0.7898139946855625
464,64,113,0.4762621789193976
465,64,114,0.3650132860938883
466,64,115,0.5981399468556244
467,64,116,0.6505757307351638
468,64,118,0.3827280779450841
469,64,119,0.6073516386182463
470,64,120,0.6155004428697963
471,64,121,0.5687333923826395
472,64,122,0.6211691762621789
473,64,123,0.3217891939769707
474,64,124,0.407883082373782
475,64,125,0.5269264836138174
476,64,127,0.41780336581045174
477,64,128,0.4798051372896368
478,64,136,0.5605845881310895
479,65,66,0.48653675819309117
480,65,67,0.5354295837023915
481,65,71,0.5148804251550044
482,65,72,0.7033658104517271
483,65,73,0.4404782993799823
484,65,77,0.8379982285208148
485,65,78,0.7069087688219663
486,65,79,0.6810451727192205
487,65,81,0.6268379096545615
488,65,82,0.6356953055801594
489,65,187,0.7657218777679362
490,65,190,0.7993799822852081
491,65,102,0.6193976970770594
492,65,103,0.5846767050487156
493,65,104,0.5442869796279893
494,65,105,0.854295837023915
495,65,106,0.7441098317094774
496,65,107,0.6162090345438441
497,65,108,0.6126660761736049
498,65,202,0.6112488928255093
499,65,109,0.7260407440212577
500,65,203,0.8057573073516386
501,65,110,0.854295837023915
502,65,207,0.557750221434898
503,65,209,0.8000885739592559
504,65,111,0.7646589902568645
505,65,213,0.6867139061116032
506,65,112,0.5340124003542958
507,65,113,0.4627989371124889
508,65,114,0.5223206377325066
509,65,115,0.624712134632418
510,65,116,0.6371124889282551
511,65,117,0.6197519929140832
512,65,118,0.5400354295837023
513,65,119,0.5938883968113374
514,65,136,0.7274579273693533
515,65,137,0.8681133746678477
516,66,67,0.5772364924712134
517,66,68,0.27325066430469436
518,66,71,0.5903454384410983
519,66,72,0.6530558015943313
520,66,73,0.5159433126660762
521,66,74,0.5889282550930026
522,66,77,0.787688219663419
523,66,79,0.6307351638618246
524,66,80,0.553498671390611
525,66,81,0.5761736049601417
526,66,82,0.5850310008857396
527,66,83,0.4617360496014171
528,66,187,0.8408325952170062
529,66,190,0.8744906997342781
530,66,104,0.6197519929140832
531,66,105,0.8039858281665191
532,66,106,0.6937998228520814
533,66,107,0.5658990256864481
534,66,108,0.6881310894596988
535,66,202,0.5609388839681134
536,66,109,0.6757307351638617
537,66,203,0.7554472984942426
538,66,204,0.5276350752878654
539,66,110,0.8039858281665191
540,66,207,0.5074402125775022
541,66,111,0.7143489813994686
542,66,112,0.483348095659876
543,66,113,0.512400354295837
544,66,114,0.5977856510186005
545,66,115,0.5744021257750221
546,66,116,0.5868024800708591
547,66,117,0.6952170062001771
548,66,118,0.6155004428697963
549,66,119,0.5435783879539415
550,66,120,0.5517271922054916
551,66,121,0.5049601417183348
552,66,122,0.3614703277236492
553,66,123,0.258015943312666
554,66,124,0.3441098317094774
555,66,136,0.6771479185119574
556,66,137,0.8178033658104518
557,66,28,0.6431355181576616
558,67,68,0.39689991142604064
559,67,69,0.4022143489813994
560,67,72,0.6045172719220548
561,67,73,0.7614703277236492
562,67,74,0.5612931798051373
563,67,79,0.7618246235606732
564,67,80,0.6874224977856509
565,67,81,0.7813108945969884
566,67,83,0.5857395925597875
567,67,171,0.6466784765279008
568,67,187,0.7922940655447298
569,67,190,0.8259521700620018
570,67,106,0.6452612931798052
571,67,107,0.6714791851195748
572,67,200,0.5230292294065544
573,67,109,0.6271922054915854
574,67,204,0.633215234720992
575,67,110,0.7554472984942426
576,67,112,0.5889282550930026
577,67,113,0.8468556244464127
578,67,114,0.7164747564216121
579,67,115,0.8550044286979628
580,67,116,0.6920283436669619
581,67,117,0.6466784765279008
582,67,118,0.5669619131975199
583,67,119,0.7483613817537644
584,67,120,0.6753764393268379
585,67,121,0.6286093888396811
586,67,122,0.4854738706820194
587,67,123,0.38166519043401237
588,67,124,0.46811337466784764
589,67,125,0.5868024800708591
590,67,126,0.42276350752878655
591,67,127,0.4776793622674933
592,67,128,0.5396811337466785
593,67,25,0.4922054915854739
594,67,27,0.4645704162976084
595,68,69,0.4358724534986713
596,68,73,0.6838795394154118
597,68,74,0.745527015057573
598,68,79,0.7214348981399468
599,68,80,0.8713020372010629
600,68,81,0.8139061116031887
601,68,83,0.6190434012400354
602,68,84,0.5106288751107174
603,68,85,0.3735163861824624
604,68,87,0.4875996457041629
605,68,88,0.48370239149689986
606,68,171,0.8305580159433126
607,68,199,0.5800708591674048
608,68,113,0.7689105403011515
609,68,114,0.6388839681133747
610,68,115,0.7774136403897254
611,68,116,0.6519929140832594
612,68,117,0.5687333923826395
613,68,118,0.6395925597874225
614,68,119,0.7820194862710363
615,68,120,0.7090345438441098
616,68,121,0.662267493356953
617,68,122,0.5191319751992913
618,68,123,0.4153232949512843
619,68,124,0.5014171833480956
620,68,125,0.620460584588131
621,68,126,0.45642161204605847
622,68,127,0.5113374667847653
623,68,128,0.5733392382639504
624,68,129,0.6392382639503986
625,68,130,0.4670504871567759
626,68,25,0.6367581930912312
627,69,74,0.5272807794508414
628,69,80,0.5970770593445527
629,69,81,0.5017714791851196
630,69,83,0.30690876882196627
631,69,84,0.19849424269264826
632,69,85,0.1658990256864482
633,69,86,0.645615589016829
634,69,87,0.7696191319751993
635,69,88,0.17121346324180686
636,69,89,0.14676705048715666
637,69,90,0.17617360496014167
638,69,91,0.35438441098317086
639,69,167,0.5269264836138174
640,69,171,0.6378210806023029
641,69,118,0.4217006200177148
642,69,119,0.4698848538529672
643,69,121,0.35013286093888396
644,69,122,0.20664304694419833
645,69,123,0.1162976085031
646,69,124,0.20239149689991132
647,69,125,0.308325952170062
648,69,126,0.1573959255978742
649,69,127,0.21231178033658105
650,69,128,0.26120460584588134
651,69,129,0.4713020372010628
652,69,130,0.29911426040744016
653,69,131,0.26049601417183343
654,70,75,0.6987599645704162
655,70,92,0.46527900797165633
656,70,93,0.42559787422497775
657,70,94,0.8872453498671391
658,70,95,0.6130203720106289
659,70,96,0.7310008857395925
660,70,97,0.8185119574844996
661,70,98,0.4348095659875997
662,70,197,0.5644818423383525
663,70,201,0.7791851195748449
664,70,206,0.4574844995571301
665,70,208,0.5155890168290522
666,70,210,0.46421612046058447
667,70,212,0.49539415411868903
668,70,214,0.39193976970770583
669,70,218,0.7069087688219663
670,70,133,0.8546501328609388
671,70,29,0.43658104517271923
672,70,49,0.6718334809565988
673,70,50,0.6172719220549158
674,71,72,0.8142604074402126
675,71,73,0.4645704162976084
676,71,77,0.7278122232063773
677,71,79,0.570504871567759
678,71,177,0.4875996457041629
679,71,178,0.5680248007085916
680,71,179,0.5318866253321523
681,71,180,0.5350752878653675
682,71,186,0.625066430469442
683,71,187,0.7894596988485385
684,71,190,0.6888396811337466
685,71,103,0.6084145261293179
686,71,104,0.5683790965456156
687,71,105,0.7437555358724535
688,71,106,0.6339238263950399
689,71,108,0.6367581930912312
690,71,109,0.8369353410097431
691,71,203,0.695571302037201
692,71,110,0.7437555358724535
693,71,209,0.6895482728077944
694,71,113,0.4610274579273693
695,71,114,0.5464127546501328
696,71,136,0.6169176262178919
697,71,137,0.7579273693534101
698,71,28,0.5917626217891939
699,72,73,0.5694419840566873
700,72,74,0.6424269264836138
701,72,77,0.5641275465013286
702,72,79,0.48086802480070856
703,72,81,0.5113374667847653
704,72,176,0.766784765279008
705,72,177,0.5924712134632418
706,72,178,0.6728963684676705
707,72,186,0.7295837023914968
708,72,187,0.8943312666076173
709,72,190,0.5449955713020371
710,72,103,0.7132860938883968
711,72,104,0.6728963684676705
712,72,105,0.5800708591674048
713,72,106,0.4698848538529672
714,72,107,0.39052258635961035
715,72,108,0.74162976085031
716,72,109,0.6732506643046944
717,72,203,0.5949512843224092
718,72,110,0.5800708591674048
719,72,111,0.4904340124003542
720,72,113,0.5658990256864481
721,72,114,0.6512843224092117
722,72,115,0.5740478299379982
723,72,117,0.7487156775907883
724,72,118,0.6689991142604075
725,72,119,0.4798051372896368
726,72,136,0.4532329495128432
727,72,137,0.5938883968113374
728,72,27,0.5669619131975199
729,72,28,0.6966341895482728
730,72,32,0.6838795394154118
731,8,9,0.7058458813108945
732,8,157,0.3827280779450841
733,8,160,0.31293179805137283
734,8,161,0.48724534986713897
735,8,162,0.5184233835252435
736,8,165,0.3678476527900797
737,8,166,0.3572187776793623
738,8,169,0.7430469441984057
739,8,170,0.49610274579273683
740,8,174,0.2824623560673162
741,8,175,0.407883082373782
742,8,11,0.8007971656333037
743,73,74,0.5031886625332151
744,73,79,0.703720106288751
745,73,80,0.629317980513729
746,73,81,0.7232063773250664
747,73,83,0.5276350752878654
748,73,171,0.5885739592559788
749,73,172,0.5524357838795394
750,73,176,0.6066430469441983
751,73,178,0.5127546501328609
752,73,187,0.7341895482728078
753,73,190,0.7678476527900797
754,73,104,0.5127546501328609
755,73,105,0.6973427812223206
756,73,106,0.5871567759078831
757,73,108,0.5814880425155005
758,73,109,0.5690876882196634
759,73,110,0.6973427812223206
760,73,113,0.7887511071744907
761,73,114,0.8741364038972542
762,73,115,0.7968999114260407
763,73,117,0.5885739592559788
764,73,118,0.5088573959255979
765,73,119,0.6906111603188663
766,73,121,0.570504871567759
767,73,123,0.32356067316209036
768,73,126,0.36465899025686443
769,73,23,0.42559787422497775
770,73,25,0.43410097431355177
771,73,26,0.4022143489813994
772,73,27,0.4064658990256864
773,73,28,0.5364924712134632
774,73,32,0.5237378210806023
775,74,79,0.625066430469442
776,74,80,0.5506643046944198
777,74,81,0.6449069973427812
778,74,83,0.4489813994685563
779,74,87,0.20416297608503098
780,74,167,0.4139061116031887
781,74,171,0.5099202834366696
782,74,172,0.47378210806023024
783,74,187,0.6558901682905226
784,74,190,0.6895482728077944
785,74,113,0.7100974313551816
786,74,114,0.7954827280779451
787,74,115,0.7182462356067316
788,74,117,0.5099202834366696
789,74,118,0.8135518157661648
790,74,119,0.6119574844995571
791,74,121,0.4922054915854739
792,74,123,0.24526129317980505
793,74,124,0.3313551815766165
794,74,126,0.28635961027457923
795,74,127,0.3412754650132861
796,74,128,0.40327723649247116
797,74,129,0.35580159433126657
798,74,23,0.34729849424269255
799,74,25,0.35580159433126657
800,74,26,0.3239149689991142
801,74,27,0.3281665190434012
802,74,28,0.4578387953941542
803,74,32,0.44508414526129303
804,74,33,0.3901682905225863
805,75,76,0.8039858281665191
806,75,92,0.2817537643932684
807,75,93,0.26651904340124
808,75,94,0.5598759964570416
809,75,95,0.6480956598759965
810,75,96,0.587511071744907
811,75,97,0.4907883082373782
812,75,98,0.47165633303808674
813,75,99,0.7781222320637733
814,75,100,0.7426926483613817
815,75,101,0.45500442869796276
816,75,201,0.4596102745792736
817,75,206,0.4939769707705933
818,75,208,0.3561558901682904
819,75,209,0.5697962798937113
820,75,210,0.5007085916740478
821,75,212,0.3363153232949513
822,75,214,0.2328609388839682
823,75,216,0.7235606731620903
824,75,217,0.48653675819309117
825,75,218,0.5634189548272808
826,75,219,0.7111603188662533
827,75,133,0.5272807794508414
828,75,49,0.5283436669619131
829,75,50,0.6523472099202834
830,75,51,0.8341009743135518
831,76,93,0.3791851195748449
832,76,95,0.7607617360496014
833,76,96,0.7001771479185119
834,76,97,0.6034543844109832
835,76,98,0.36005314437555347
836,76,99,0.666873339238264
837,76,100,0.6310894596988486
838,76,101,0.3930026572187777
839,76,102,0.41355181576616473
840,76,206,0.3827280779450841
841,76,209,0.458193091231178
842,76,210,0.38910540301151464
843,76,214,0.345527015057573
844,76,216,0.6123117803365811
845,76,217,0.4245349867139061
846,76,218,0.6760850310008857
847,76,219,0.8238263950398583
848,76,49,0.6410097431355182
849,76,50,0.7650132860938883
850,76,51,0.7224977856510185
851,77,78,0.787688219663419
852,77,79,0.6682905225863596
853,77,82,0.6229406554472985
854,77,98,0.4323294951284322
855,77,100,0.35084145261293176
856,77,187,0.6222320637732507
857,77,101,0.6176262178919398
858,77,190,0.6558901682905226
859,77,102,0.6381753764393269
860,77,103,0.4411868910540301
861,77,104,0.4007971656333037
862,77,105,0.5850310008857396
863,77,106,0.7313551815766164
864,77,107,0.6034543844109832
865,77,108,0.4691762621789194
866,77,202,0.5984942426926484
867,77,109,0.45713020372010627
868,77,203,0.5364924712134632
869,77,110,0.6197519929140832
870,77,207,0.5449955713020371
871,77,209,0.5308237378210806
872,77,111,0.7519043401240035
873,77,213,0.7054915854738706
874,77,112,0.5209034543844109
875,77,113,0.45004428697962795
876,77,114,0.37883082373782107
877,77,217,0.6491585473870681
878,77,115,0.6119574844995571
879,77,136,0.808237378210806
880,77,137,0.5988485385296722
881,9,161,0.516651904340124
882,9,162,0.5478299379982285
883,9,169,0.7724534986713906
884,9,170,0.5255093002657218
885,9,10,0.7278122232063773
886,9,175,0.43764393268379087
887,9,183,0.7281665190434012
888,9,184,0.22223206377325067
889,9,185,0.6162090345438441
890,9,11,0.8302037201062887
891,78,79,0.5148804251550044
892,78,82,0.5814880425155005
893,78,99,0.5134632418069087
894,78,100,0.4776793622674933
895,78,101,0.7444641275465014
896,78,190,0.5024800708591675
897,78,102,0.7650132860938883
898,78,105,0.4316209034543844
899,78,106,0.5779450841452612
900,78,107,0.562356067316209
901,78,202,0.5573959255978742
902,78,109,0.3037201062887511
903,78,203,0.38308237378210797
904,78,204,0.4447298494242692
905,78,110,0.4663418954827281
906,78,207,0.4245349867139061
907,78,209,0.579007971656333
908,78,111,0.5984942426926484
909,78,213,0.8323294951284322
910,78,112,0.4007971656333037
911,78,217,0.7759964570416298
912,78,116,0.47094774136403894
913,78,136,0.6548272807794508
914,78,137,0.4454384410983171
915,79,80,0.7313551815766164
916,79,81,0.8252435783879539
917,79,82,0.787333923826395
918,79,83,0.6640389725420726
919,79,187,0.7912311780336581
920,79,190,0.82488928255093
921,79,105,0.754030115146147
922,79,106,0.7299379982285208
923,79,107,0.7678476527900797
924,79,200,0.6013286093888397
925,79,108,0.6385296722763507
926,79,202,0.7628875110717449
927,79,109,0.6261293179805136
928,79,204,0.7295837023914968
929,79,110,0.7887511071744907
930,79,207,0.7093888396811336
931,79,111,0.6991142604074402
932,79,213,0.7150575730735164
933,79,112,0.6856510186005313
934,79,113,0.6615589016829052
935,79,114,0.5481842338352524
936,79,115,0.8043401240035429
937,79,116,0.7887511071744907
938,79,117,0.645615589016829
939,79,118,0.5658990256864481
940,79,119,0.7926483613817537
941,79,120,0.7536758193091231
942,79,121,0.7069087688219663
943,79,122,0.5637732506643046
944,79,123,0.45996457041629757
945,79,124,0.5464127546501328
946,79,136,0.6271922054915854
947,79,137,0.7682019486271036
948,80,81,0.8234720992028344
949,80,83,0.628963684676705
950,80,84,0.5201948627103632
951,80,85,0.38343666961913203
952,80,87,0.5354295837023915
953,80,167,0.7426926483613817
954,80,171,0.8783879539415411
955,80,113,0.778830823737821
956,80,114,0.6697077059344553
957,80,115,0.786979627989371
958,80,117,0.5786536758193092
959,80,118,0.6874224977856509
960,80,119,0.791939769707706
961,80,120,0.7189548272807794
962,80,121,0.6718334809565988
963,80,122,0.5286979627989371
964,80,123,0.4252435783879539
965,80,124,0.5113374667847653
966,80,125,0.6303808680248008
967,80,126,0.4663418954827281
968,80,127,0.5212577502214348
969,80,128,0.58325952170062
970,80,129,0.687068201948627
971,80,23,0.5046058458813109
972,80,25,0.6845881310894597
973,80,26,0.6527015057573073
974,80,27,0.6569530558015944
975,81,82,0.7543844109831709
976,81,83,0.7217891939769707
977,81,85,0.4762621789193976
978,81,171,0.7827280779450841
979,81,187,0.6994685562444641
980,81,190,0.733126660761736
981,81,106,0.6973427812223206
982,81,199,0.68281665190434
983,81,107,0.7352524357838794
984,81,200,0.6594331266607617
985,81,109,0.5343666961913197
986,81,204,0.7317094774136403
987,81,110,0.6952170062001771
988,81,207,0.7115146147032771
989,81,112,0.6874224977856509
990,81,113,0.7536758193091231
991,81,114,0.6236492471213463
992,81,115,0.7621789193976971
993,81,116,0.7558015943312666
994,81,117,0.553498671390611
995,81,118,0.5917626217891939
996,81,119,0.8847652790079716
997,81,120,0.8117803365810452
998,81,121,0.7650132860938883
999,81,122,0.6215234720992028
1000,81,123,0.5180690876882196
1001,81,124,0.604162976085031
1002,81,125,0.7232063773250664
1003,81,126,0.5591674047829938
1004,81,127,0.6140832595217006
1005,81,128,0.6760850310008857
1006,82,190,0.7862710363153232
1007,82,102,0.6140832595217006
1008,82,105,0.7157661647475642
1009,82,106,0.8620903454384411
1010,82,107,0.9
1011,82,200,0.5676705048715677
1012,82,202,0.729229406554473
1013,82,109,0.587511071744907
1014,82,204,0.6959255978742249
1015,82,110,0.750132860938884
1016,82,207,0.6757307351638617
1017,82,111,0.6608503100088574
1018,82,213,0.6813994685562444
1019,82,112,0.6516386182462356
1020,82,113,0.5807794508414525
1021,82,115,0.7426926483613817
1022,82,116,0.7547387068201948
1023,82,119,0.7115146147032771
1024,82,120,0.7200177147918512
1025,82,122,0.5297608503100087
1026,82,136,0.5889282550930026
1027,82,137,0.7295837023914968
1028,83,84,0.5694419840566873
1029,83,85,0.4323294951284322
1030,83,87,0.45004428697962795
1031,83,88,0.5425155004428698
1032,83,171,0.7933569530558016
1033,83,190,0.7434012400354295
1034,83,106,0.6519929140832594
1035,83,199,0.6388839681133747
1036,83,200,0.6155004428697963
1037,83,204,0.6877767936226749
1038,83,112,0.6438441098317095
1039,83,113,0.7643046944198405
1040,83,114,0.6339238263950399
1041,83,115,0.7724534986713906
1042,83,116,0.7108060230292294
1043,83,117,0.5641275465013286
1044,83,118,0.6023914968999113
1045,83,119,0.8408325952170062
1046,83,120,0.7678476527900797
1047,83,121,0.7210806023029229
1048,83,122,0.5779450841452612
1049,83,123,0.4741364038972542
1050,83,124,0.5602302922940655
1051,83,125,0.6792736935341009
1052,83,126,0.5152347209920284
1053,83,127,0.5701505757307351
1054,83,128,0.6321523472099203
1055,84,85,0.6534100974313551
1056,84,86,0.4468556244464127
1057,84,87,0.570859167404783
1058,84,88,0.5981399468556244
1059,84,89,0.7848538529672276
1060,84,90,0.6027457927369354
1061,84,91,0.4071744906997342
1062,84,171,0.6693534100974313
1063,84,199,0.6948627103631533
1064,84,121,0.5655447298494243
1065,84,122,0.6335695305580159
1066,84,123,0.7001771479185119
1067,84,124,0.7862710363153232
1068,84,125,0.7348981399468556
1069,84,126,0.7409211691762622
1070,84,127,0.7961913197519929
1071,84,128,0.6877767936226749
1072,84,129,0.5028343666961913
1073,84,130,0.7526129317980513
1074,84,131,0.7465899025686448
1075,84,132,0.4900797165633304
1076,84,221,0.4698848538529672
1077,85,88,0.8025686448184234
1078,85,89,0.7777679362267493
1079,85,90,0.8071744906997342
1080,85,91,0.400088573959256
1081,85,199,0.7182462356067316
1082,85,200,0.6945084145261293
1083,85,116,0.4805137289636846
1084,85,119,0.595659875996457
1085,85,120,0.5226749335695305
1086,85,121,0.5846767050487156
1087,85,122,0.6569530558015944
1088,85,123,0.6101860053144376
1089,85,124,0.6966341895482728
1090,85,125,0.6452612931798052
1091,85,126,0.6512843224092117
1092,85,127,0.7062001771479185
1093,85,128,0.5981399468556244
1094,85,130,0.745527015057573
1095,85,131,0.7395039858281665
1096,85,221,0.4627989371124889
1097,86,87,0.2764393268379096
1098,86,91,0.595659875996457
1099,86,153,0.4489813994685563
1100,86,168,0.6877767936226749
1101,86,171,0.4812223206377325
1102,86,126,0.39831709477413635
1103,86,127,0.4532329495128432
1104,86,129,0.4280779450841452
1105,86,130,0.5400354295837023
1106,86,16,0.41355181576616473
1107,86,17,0.6073516386182463
1108,86,18,0.5038972542072631
1109,86,36,0.40752878653675817
1110,86,37,0.4886625332152347
1111,138,135,0.6991142604074402
1112,87,91,0.5024800708591675
1113,87,167,0.6746678476527901
1114,87,168,0.5945969884853853
1115,87,171,0.7855624446412754
1116,87,118,0.5694419840566873
1117,87,121,0.4978742249778564
1118,87,123,0.26403897254207265
1119,87,124,0.35013286093888396
1120,87,126,0.3051372896368466
1121,87,127,0.36005314437555347
1122,87,128,0.4089459698848539
1123,87,129,0.6190434012400354
1124,87,130,0.4468556244464127
1125,87,17,0.5141718334809565
1126,87,18,0.41780336581045174
1127,87,36,0.32143489813994686
1128,87,37,0.4029229406554473
1129,139,140,0.5697962798937113
1130,139,141,0.8011514614703277
1131,139,142,0.8209920283436669
1132,139,145,0.7926483613817537
1133,139,14,0.7837909654561559
1134,139,42,0.48937112488928247
1135,139,43,0.7147032772364924
1136,139,44,0.5279893711248892
1137,139,47,0.7147032772364924
1138,140,142,0.6750221434898139
1139,140,143,0.4713020372010628
1140,140,145,0.6466784765279008
1141,140,147,0.5145261293179805
1142,140,41,0.4992914083259521
1143,140,42,0.3434012400354295
1144,140,43,0.5687333923826395
1145,140,44,0.3820194862710363
1146,140,45,0.38095659875996457
1147,140,46,0.5095659875996457
1148,140,47,0.5687333923826395
1149,140,48,0.3317094774136403
1150,88,89,0.6519929140832594
1151,88,90,0.6810451727192205
1152,88,91,0.43622674933569516
1153,88,199,0.8341009743135518
1154,88,200,0.8107174490699733
1155,88,120,0.5612931798051373
1156,88,121,0.7008857395925597
1157,88,122,0.7728077945084145
1158,88,123,0.48441098317094766
1159,88,124,0.570504871567759
1160,88,125,0.6590788308237377
1161,88,126,0.5255093002657218
1162,88,127,0.5804251550044287
1163,88,128,0.6119574844995571
1164,88,130,0.6197519929140832
1165,88,131,0.6137289636846767
1166,88,221,0.49893711248892825
1167,141,142,0.3841452612931797
1168,141,144,0.8567759078830823
1169,141,146,0.7961913197519929
1170,141,0,0.8209920283436669
1171,141,13,0.8100088573959257
1172,141,14,0.6339238263950399
1173,141,1,0.7062001771479185
1174,142,143,0.7157661647475642
1175,142,144,0.5269264836138174
1176,142,145,0.8907883082373782
1177,142,146,0.4663418954827281
1178,142,149,0.8564216120460584
1179,142,0,0.4907883082373782
1180,142,13,0.5407440212577501
1181,142,14,0.5697962798937113
1182,142,15,0.6884853852967228
1183,142,41,0.7434012400354295
1184,142,42,0.587511071744907
1185,142,43,0.8128432240921168
1186,142,44,0.6264836138175377
1187,142,46,0.7536758193091231
1188,142,47,0.8131975199291408
1189,142,48,0.5761736049601417
1190,89,90,0.6739592559787422
1191,89,91,0.5393268379096545
1192,89,199,0.8270150575730735
1193,89,122,0.7657218777679362
1194,89,123,0.47732506643046946
1195,89,124,0.5634189548272808
1196,89,125,0.6519929140832594
1197,89,127,0.5733392382639504
1198,89,128,0.6048715677590788
1199,89,130,0.6126660761736049
1200,89,131,0.662621789193977
1201,89,132,0.6225863596102745
1202,89,221,0.6020372010628875
1203,143,145,0.599911426040744
1204,143,147,0.5
1205,143,148,0.5460584588131089
1206,143,149,0.5655447298494243
1207,143,152,0.4482728077945084
1208,143,39,0.558104517271922
1209,143,40,0.5464127546501328
1210,143,41,0.6356953055801594
1211,143,42,0.7370239149689991
1212,143,43,0.5219663418954827
1213,143,44,0.7756421612046058
1214,143,45,0.6356953055801594
1215,143,46,0.6636846767050487
1216,143,47,0.5219663418954827
1217,143,48,0.48582816651904337
1218,144,145,0.6473870682019486
1219,144,146,0.8585473870682019
1220,144,150,0.8294951284322409
1221,144,151,0.7834366696191319
1222,144,154,0.7791851195748449
1223,144,0,0.8585473870682019
1224,144,13,0.5843224092116918
1225,144,14,0.6133746678476528
1226,144,15,0.44508414526129303
1227,144,1,0.7437555358724535
1228,144,19,0.6048715677590788
1229,145,147,0.787333923826395
1230,145,148,0.8652790079716564
1231,145,149,0.8847652790079716
1232,145,153,0.8450841452612932
1233,145,13,0.5237378210806023
1234,145,14,0.5527900797165632
1235,145,15,0.7168290522586359
1236,145,35,0.6838795394154118
1237,145,38,0.7639503985828167
1238,145,39,0.5669619131975199
1239,145,40,0.5556244464127547
1240,145,41,0.46067316209034537
1241,145,42,0.5620017714791851
1242,145,43,0.5092116917626217
1243,145,44,0.6006200177147918
1244,145,45,0.6534100974313551
1245,145,46,0.48830823737821083
1246,145,47,0.5092116917626217
1247,145,48,0.4950398582816652
1248,90,91,0.512046058458813
1249,90,199,0.7997342781222321
1250,90,121,0.66651904340124
1251,90,122,0.7384410983170947
1252,90,123,0.6215234720992028
1253,90,124,0.7076173604960141
1254,90,125,0.6565987599645704
1255,90,126,0.662621789193977
1256,90,127,0.7175376439326837
1257,90,128,0.6094774136403897
1258,90,130,0.8574844995571302
1259,90,131,0.8518157661647475
1260,90,132,0.5953055801594331
1261,90,221,0.574756421612046
1262,146,150,0.5340124003542958
1263,146,151,0.5885739592559788
1264,146,154,0.8397697077059345
1265,146,158,0.7997342781222321
1266,146,0,0.5464127546501328
1267,146,13,0.6449069973427812
1268,146,14,0.6736049601417182
1269,146,15,0.5053144375553587
1270,146,1,0.4316209034543844
1271,146,19,0.6654561558901683
1272,146,21,0.8022143489813994
1273,146,2,0.45146147032772366
1274,146,3,0.46350752878653667
1275,146,4,0.5311780336581045
1276,147,148,0.6466784765279008
1277,147,149,0.5219663418954827
1278,147,152,0.5492471213463241
1279,147,153,0.6264836138175377
1280,147,16,0.4603188662533215
1281,147,17,0.5255093002657218
1282,147,35,0.4656333038086802
1283,147,38,0.5453498671390611
1284,147,39,0.6987599645704162
1285,147,40,0.687068201948627
1286,147,41,0.5924712134632418
1287,147,42,0.6934455270150575
1288,147,43,0.4783879539415411
1289,147,44,0.7320637732506643
1290,147,45,0.7852081488042515
1291,147,46,0.6201062887511072
1292,147,47,0.47874224977856505
1293,147,48,0.6264836138175377
1294,91,168,0.41922054915854734
1295,91,128,0.5364924712134632
1296,91,129,0.3511957484499556
1297,91,130,0.7848538529672276
1298,91,131,0.778830823737821
1299,91,132,0.47661647475642155
1300,91,221,0.45642161204605847
1301,148,149,0.44437555358724534
1302,148,152,0.8217006200177148
1303,148,153,0.8989371124889283
1304,148,15,0.5095659875996457
1305,148,16,0.604162976085031
1306,148,17,0.7976085031000886
1307,148,18,0.6941541186891054
1308,148,34,0.5892825509300266
1309,148,35,0.6888396811337466
1310,148,37,0.6792736935341009
1311,148,38,0.6732506643046944
1312,148,39,0.620814880425155
1313,148,40,0.6094774136403897
1314,148,41,0.5145261293179805
1315,148,42,0.6155004428697963
1316,148,44,0.6544729849424269
1317,148,45,0.7072630646589902
1318,148,46,0.5421612046058458
1319,148,47,0.4007971656333037
1320,148,48,0.5488928255093002
1321,149,152,0.8018600531443756
1322,149,153,0.879096545615589
1323,149,15,0.6183348095659875
1324,149,16,0.7129317980513729
1325,149,17,0.7781222320637733
1326,149,18,0.6746678476527901
1327,149,35,0.7182462356067316
1328,149,37,0.6594331266607617
1329,149,38,0.7979627989371124
1330,149,39,0.6013286093888397
1331,149,40,0.5896368467670504
1332,149,41,0.4950398582816652
1333,149,42,0.5960141718334809
1334,149,43,0.4107174490699733
1335,149,44,0.6346324180690877
1336,149,45,0.6877767936226749
1337,149,46,0.5226749335695305
1338,149,47,0.4107174490699733
1339,149,48,0.5290522586359611
1340,150,151,0.8730735163861825
1341,150,154,0.7086802480070858
1342,150,155,0.8206377325066431
1343,150,156,0.616563330380868
1344,150,158,0.6686448184233835
1345,150,159,0.6172719220549158
1346,150,0,0.6002657218777679
1347,150,13,0.5063773250664304
1348,150,14,0.5350752878653675
1349,150,1,0.4854738706820194
1350,150,19,0.5343666961913197
1351,150,21,0.6711248892825509
1352,150,2,0.7359610274579274
1353,150,3,0.6743135518157661
1354,150,4,0.8156775907883083
1355,151,154,0.7547387068201948
1356,151,155,0.866696191319752
1357,151,156,0.662621789193977
1358,151,158,0.7150575730735164
1359,151,159,0.6636846767050487
1360,151,0,0.48086802480070856
1361,151,1,0.36607617360496014
1362,151,19,0.5804251550044287
1363,151,21,0.7171833480956599
1364,151,2,0.6169176262178919
1365,151,3,0.7203720106288751
1366,151,4,0.8617360496014171
1367,92,93,0.8397697077059345
1368,92,94,0.8255978742249779
1369,92,95,0.6775022143489813
1370,92,96,0.6693534100974313
1371,92,97,0.7568644818423383
1372,92,196,0.4404782993799823
1373,92,197,0.5028343666961913
1374,92,201,0.7175376439326837
1375,92,206,0.395837023914969
1376,92,208,0.554207263064659
1377,92,210,0.4022143489813994
1378,92,212,0.5340124003542958
1379,92,214,0.8057573073516386
1380,92,218,0.7710363153232949
1381,92,133,0.7930026572187776
1382,92,29,0.374933569530558
1383,92,49,0.7359610274579274
1384,152,153,0.5818423383525243
1385,152,168,0.4603188662533215
1386,152,16,0.4153232949512843
1387,152,17,0.48086802480070856
1388,152,18,0.37741364038972536
1389,152,35,0.4209920283436669
1390,152,37,0.3621789193976971
1391,152,38,0.5007085916740478
1392,152,39,0.6541186891054029
1393,152,40,0.6424269264836138
1394,152,41,0.5478299379982285
1395,152,42,0.6488042515500443
1396,152,44,0.6874224977856509
1397,152,45,0.7405668733392382
1398,152,46,0.5754650132860939
1399,152,48,0.5818423383525243
1400,153,168,0.7976085031000886
1401,153,15,0.5297608503100087
1402,153,16,0.6243578387953941
1403,153,17,0.8181576616474756
1404,153,18,0.7147032772364924
1405,153,35,0.7090345438441098
1406,153,36,0.6183348095659875
1407,153,37,0.6994685562444641
1408,153,38,0.6934455270150575
1409,153,39,0.5768821966341895
1410,153,40,0.5651904340124003
1411,153,41,0.47023914968999103
1412,153,42,0.5715677590788308
1413,153,44,0.6101860053144376
1414,153,45,0.6633303808680248
1415,153,46,0.49822852081488045
1416,153,48,0.5046058458813109
1417,154,155,0.6155004428697963
1418,154,156,0.7568644818423383
1419,154,158,0.879096545615589
1420,154,159,0.8277236492471214
1421,154,163,0.6806908768821966
1422,154,164,0.8255978742249779
1423,154,19,0.7448184233835252
1424,154,20,0.5648361381753765
1425,154,21,0.8815766164747564
1426,154,22,0.670770593445527
1427,154,23,0.7171833480956599
1428,154,24,0.7993799822852081
1429,154,33,0.7600531443755536
1430,154,34,0.6661647475642161
1431,154,2,0.5308237378210806
1432,154,3,0.5428697962798936
1433,154,4,0.6105403011514614
1434,93,94,0.6856510186005313
1435,93,95,0.7568644818423383
1436,93,96,0.7132860938883968
1437,93,97,0.6169176262178919
1438,93,98,0.3561558901682904
1439,93,197,0.4875996457041629
1440,93,201,0.5775907883082374
1441,93,206,0.3784765279007972
1442,93,208,0.6335695305580159
1443,93,210,0.3852081488042516
1444,93,212,0.6133746678476528
1445,93,214,0.8854738706820194
1446,93,218,0.8507528786536758
1447,93,219,0.6654561558901683
1448,93,133,0.6530558015943313
1449,93,29,0.3593445527015058
1450,93,49,0.8156775907883083
1451,93,50,0.7611160318866252
1452,93,51,0.7186005314437555
1453,155,156,0.7150575730735164
1454,155,157,0.7483613817537644
1455,155,158,0.6130203720106289
1456,155,159,0.5616474756421611
1457,155,160,0.7820194862710363
1458,155,164,0.5595217006200177
1459,155,165,0.8192205491585474
1460,155,166,0.80859167404783
1461,155,19,0.47874224977856505
1462,155,21,0.6155004428697963
1463,155,2,0.6126660761736049
1464,155,3,0.7161204605845881
1465,155,4,0.6470327723649247
1466,156,157,0.737378210806023
1467,156,158,0.6197519929140832
1468,156,159,0.5683790965456156
1469,156,160,0.770682019486271
1470,156,164,0.5662533215234721
1471,156,165,0.8255978742249779
1472,156,166,0.8149689991142604
1473,156,21,0.6218777679362267
1474,156,24,0.5400354295837023
1475,156,31,0.5007085916740478
1476,156,2,0.6013286093888397
1477,156,3,0.7047829937998228
1478,156,4,0.6356953055801594
1479,94,95,0.6449069973427812
1480,94,96,0.7628875110717449
1481,94,97,0.8503985828166519
1482,94,98,0.46669619131975193
1483,94,193,0.5407440212577501
1484,94,196,0.5336581045172719
1485,94,197,0.5963684676705049
1486,94,201,0.8110717449069973
1487,94,206,0.48937112488928247
1488,94,208,0.5474756421612046
1489,94,210,0.495748449955713
1490,94,212,0.5272807794508414
1491,94,214,0.4238263950398582
1492,94,218,0.7387953941541187
1493,94,133,0.8865367581930912
1494,94,29,0.4684676705048716
1495,94,49,0.703720106288751
1496,94,50,0.6491585473870681
1497,157,159,0.6296722763507528
1498,157,160,0.6346324180690877
1499,157,161,0.795837023914969
1500,157,162,0.8270150575730735
1501,157,165,0.8872453498671391
1502,157,166,0.8766164747564216
1503,157,170,0.8046944198405669
1504,157,174,0.37953941541186886
1505,157,2,0.5467670504871568
1506,157,3,0.5690876882196634
1507,157,4,0.6264836138175377
1508,158,159,0.8677590788308237
1509,158,163,0.720726306465899
1510,158,164,0.8656333038086803
1511,158,167,0.3862710363153232
1512,158,172,0.6147918511957484
1513,158,19,0.570859167404783
1514,158,20,0.6048715677590788
1515,158,21,0.7076173604960141
1516,158,22,0.7108060230292294
1517,158,23,0.7572187776793622
1518,158,24,0.8394154118689106
1519,158,25,0.5658990256864481
1520,158,26,0.6711248892825509
1521,158,31,0.8000885739592559
1522,158,33,0.7997342781222321
1523,158,34,0.7062001771479185
1524,158,3,0.582905225863596
1525,158,4,0.6505757307351638
1526,159,163,0.558104517271922
1527,159,164,0.7030115146147032
1528,159,165,0.7547387068201948
1529,159,172,0.4525243578387954
1530,159,176,0.5067316209034542
1531,159,19,0.6222320637732507
1532,159,20,0.44224977856510184
1533,159,21,0.7589902568644818
1534,159,22,0.5481842338352524
1535,159,23,0.5945969884853853
1536,159,24,0.6767936226749335
1537,159,26,0.5085031000885739
1538,159,31,0.637466784765279
1539,159,33,0.637466784765279
1540,159,2,0.6222320637732507
1541,159,3,0.6339238263950399
1542,159,4,0.7019486271036315
1543,160,161,0.7657218777679362
1544,160,162,0.7968999114260407
1545,160,165,0.8571302037201063
1546,160,166,0.8465013286093888
1547,160,170,0.7745792736935341
1548,160,2,0.5719220549158547
1549,160,3,0.6757307351638617
1550,161,162,0.5088573959255979
1551,161,165,0.3582816651904339
1552,161,166,0.3476527900797165
1553,161,170,0.48653675819309117
1554,161,174,0.2728963684676705
1555,95,96,0.8585473870682019
1556,95,97,0.7618246235606732
1557,95,98,0.37812223206377327
1558,95,99,0.6466784765279008
1559,95,100,0.6108945969884854
1560,95,201,0.7224977856510185
1561,95,206,0.4007971656333037
1562,95,208,0.6172719220549158
1563,95,210,0.40752878653675817
1564,95,212,0.5974313551815766
1565,95,214,0.4939769707705933
1566,95,216,0.5921169176262179
1567,95,218,0.8344552701505757
1568,95,219,0.6491585473870681
1569,95,133,0.7983170947741364
1570,95,49,0.7993799822852081
1571,95,50,0.7448184233835252
1572,95,51,0.7023029229406554
1573,162,165,0.7550930026572188
1574,162,166,0.7444641275465014
1575,162,170,0.6725420726306466
1576,162,174,0.24738706820194867
1577,162,175,0.5846767050487156
1578,163,164,0.8457927369353411
1579,163,167,0.366430469441984
1580,163,172,0.5953055801594331
1581,163,176,0.6495128432240921
1582,163,19,0.5510186005314437
1583,163,20,0.5850310008857396
1584,163,21,0.6877767936226749
1585,163,22,0.6909654561558901
1586,163,23,0.737378210806023
1587,163,24,0.8195748449955713
1588,163,25,0.5460584588131089
1589,163,26,0.6512843224092117
1590,163,27,0.5184233835252435
1591,163,28,0.579007971656333
1592,163,31,0.7802480070859167
1593,163,32,0.5662533215234721
1594,163,33,0.7802480070859167
1595,163,34,0.6863596102745793
1596,163,36,0.44437555358724534
1597,163,4,0.6307351638618246
1598,164,167,0.4397697077059344
1599,164,172,0.6682905225863596
1600,164,173,0.7731620903454384
1601,164,176,0.7228520814880425
1602,164,178,0.7462356067316209
1603,164,179,0.7100974313551816
1604,164,19,0.4064658990256864
1605,164,20,0.65837023914969
1606,164,21,0.5432240921169176
1607,164,22,0.7643046944198405
1608,164,23,0.8107174490699733
1609,164,24,0.8929140832595217
1610,164,25,0.6193976970770594
1611,164,26,0.724623560673162
1612,164,27,0.5917626217891939
1613,164,28,0.6523472099202834
1614,164,31,0.8535872453498672
1615,164,32,0.6395925597874225
1616,164,33,0.8535872453498672
1617,164,4,0.4861824623560673
1618,165,166,0.7108060230292294
1619,165,170,0.6392382639503986
1620,165,173,0.5134632418069087
1621,165,174,0.4114260407440212
1622,165,182,0.46067316209034537
1623,165,31,0.5942426926483613
1624,165,3,0.6009743135518157
1625,165,4,0.65837023914969
1626,166,170,0.8472099202834367
1627,166,174,0.2845881310894597
1628,167,171,0.45925597874224966
1629,167,172,0.5712134632418069
1630,167,117,0.44933569530558015
1631,167,126,0.2558901682905226
1632,167,129,0.40611160318866246
1633,167,16,0.7108060230292294
1634,167,17,0.5655447298494243
1635,167,18,0.662621789193977
1636,167,20,0.6750221434898139
1637,167,21,0.5598759964570416
1638,167,22,0.7809565987599645
1639,167,23,0.6091231178033658
1640,167,24,0.6916740478299379
1641,167,25,0.6573073516386182
1642,167,26,0.6254207263064658
1643,167,27,0.6296722763507528
1644,167,33,0.6519929140832594
1645,167,34,0.808237378210806
1646,167,35,0.7161204605845881
1647,167,36,0.5658990256864481
1648,167,37,0.6473870682019486
1649,167,38,0.6098317094774136
1650,96,97,0.8224092116917626
1651,96,98,0.4390611160318866
1652,96,197,0.5687333923826395
1653,96,201,0.7834366696191319
1654,96,206,0.4613817537643933
1655,96,208,0.5194862710363153
1656,96,210,0.46811337466784764
1657,96,212,0.49964570416297605
1658,96,214,0.39619131975199295
1659,96,218,0.7111603188662533
1660,96,133,0.8589016829052258
1661,96,29,0.4404782993799823
1662,96,49,0.6760850310008857
1663,96,50,0.6215234720992028
1664,96,51,0.6179805137289637
1665,168,129,0.579362267493357
1666,168,130,0.7713906111603188
1667,168,132,0.8613817537643933
1668,168,17,0.758281665190434
1669,168,18,0.6551815766164747
1670,169,170,0.4879539415411869
1671,169,10,0.6902568644818423
1672,169,175,0.400088573959256
1673,169,183,0.6906111603188663
1674,169,184,0.18467670504871558
1675,169,185,0.5786536758193092
1676,169,188,0.5400354295837023
1677,169,189,0.49468556244464124
1678,169,11,0.7926483613817537
1679,169,12,0.6505757307351638
1680,170,10,0.6279007971656333
1681,170,174,0.21231178033658105
1682,170,175,0.5095659875996457
1683,170,184,0.12232063773250645
1684,170,11,0.7302922940655447
1685,171,114,0.6849424269264835
1686,171,117,0.5379096545615589
1687,171,118,0.7026572187776794
1688,171,121,0.6310894596988486
1689,171,123,0.3844995571302037
1690,171,124,0.4705934455270151
1691,171,126,0.42559787422497775
1692,171,127,0.4805137289636846
1693,171,128,0.5425155004428698
1694,171,129,0.7278122232063773
1695,171,23,0.5453498671390611
1696,171,25,0.7253321523472098
1697,171,26,0.6934455270150575
1698,171,27,0.6976970770593445
1699,171,34,0.6721877767936226
1700,171,36,0.4302037201062887
1701,171,37,0.5113374667847653
1702,97,98,0.3519043401240035
1703,97,99,0.6587245349867139
1704,97,197,0.4812223206377325
1705,97,201,0.6959255978742249
1706,97,206,0.37457927369353416
1707,97,208,0.5906997342781222
1708,97,209,0.45004428697962795
1709,97,210,0.38095659875996457
1710,97,212,0.570504871567759
1711,97,214,0.4670504871567759
1712,97,218,0.8075287865367582
1713,97,133,0.7713906111603188
1714,97,49,0.7728077945084145
1715,97,50,0.7178919397697077
1716,97,51,0.7143489813994686
1717,172,173,0.7465899025686448
1718,172,176,0.6962798937112489
1719,172,177,0.6395925597874225
1720,172,178,0.7200177147918512
1721,172,179,0.6838795394154118
1722,172,117,0.49681133746678474
1723,172,21,0.5251550044286979
1724,172,22,0.7462356067316209
1725,172,23,0.7926483613817537
1726,172,24,0.6569530558015944
1727,172,25,0.6013286093888397
1728,172,26,0.7065544729849423
1729,172,27,0.5736935341009743
1730,172,28,0.6261293179805136
1731,172,31,0.8273693534100974
1732,172,32,0.6133746678476528
1733,172,33,0.8355181576616475
1734,173,174,0.8170947741364039
1735,173,176,0.7767050487156776
1736,173,177,0.7200177147918512
1737,173,178,0.8004428697962799
1738,173,179,0.8564216120460584
1739,173,180,0.6403011514614703
1740,173,181,0.8592559787422498
1741,173,182,0.866341895482728
1742,173,186,0.6530558015943313
1743,173,103,0.6364038972542072
1744,173,104,0.5963684676705049
1745,173,108,0.6647475642161205
1746,173,24,0.4875996457041629
1747,173,27,0.3951284322409212
1748,173,28,0.7062001771479185
1749,173,31,0.6303808680248008
1750,173,32,0.6937998228520814
1751,10,175,0.628963684676705
1752,10,183,0.570504871567759
1753,10,184,0.41355181576616473
1754,10,185,0.6750221434898139
1755,10,188,0.7692648361381753
1756,10,189,0.7235606731620903
1757,10,191,0.7490699734278121
1758,10,192,0.6601417183348095
1759,10,193,0.6920283436669619
1760,10,194,0.5106288751107174
1761,10,195,0.6984056687333924
1762,10,11,0.5800708591674048
1763,10,12,0.5775907883082374
1764,10,30,0.712577502214349
1765,98,99,0.8259521700620018
1766,98,100,0.7901682905225864
1767,98,101,0.5028343666961913
1768,98,102,0.5230292294065544
1769,98,201,0.5070859167404783
1770,98,203,0.4217006200177148
1771,98,206,0.541806908768822
1772,98,209,0.6172719220549158
1773,98,210,0.5485385296722763
1774,98,214,0.23888396811337465
1775,98,216,0.7713906111603188
1776,98,217,0.5343666961913197
1777,98,133,0.533303808680248
1778,98,137,0.4840566873339238
1779,98,49,0.5343666961913197
1780,98,50,0.65837023914969
1781,98,51,0.6158547387068202
1782,174,176,0.41922054915854734
1783,174,177,0.36253321523472093
1784,174,178,0.44295837023914963
1785,174,179,0.4064658990256864
1786,174,180,0.283170947741364
1787,174,181,0.40965456155890156
1788,174,182,0.4167404782993799
1789,174,184,0.2778565101860053
1790,174,186,0.29557130203720106
1791,174,31,0.5503100088573959
1792,175,183,0.8603188662533215
1793,175,184,0.3547387068201948
1794,175,185,0.7044286979627989
1795,175,188,0.7100974313551816
1796,175,189,0.6647475642161205
1797,175,191,0.6902568644818423
1798,175,11,0.5212577502214348
1799,175,12,0.7763507528786536
1800,176,177,0.5853852967227634
1801,176,178,0.6654561558901683
1802,176,179,0.629317980513729
1803,176,180,0.5864481842338353
1804,176,181,0.6321523472099203
1805,176,182,0.6395925597874225
1806,176,186,0.6764393268379096
1807,176,187,0.5722763507528786
1808,176,104,0.6197519929140832
1809,176,108,0.6881310894596988
1810,176,117,0.6002657218777679
1811,176,23,0.7380868024800709
1812,176,24,0.6023914968999113
1813,176,25,0.5471213463241806
1814,176,26,0.6519929140832594
1815,176,27,0.5194862710363153
1816,176,28,0.8486271036315323
1817,176,31,0.7728077945084145
1818,176,32,0.8362267493356953
1819,176,33,0.7809565987599645
1820,177,178,0.7210806023029229
1821,177,179,0.7770593445527014
1822,177,180,0.8397697077059345
1823,177,181,0.7798937112488928
1824,177,182,0.787333923826395
1825,177,186,0.5736935341009743
1826,177,187,0.4698848538529672
1827,177,190,0.3692648361381754
1828,177,103,0.5573959255978742
1829,177,104,0.5170062001771478
1830,177,105,0.42418069087688215
1831,177,108,0.5857395925597875
1832,177,109,0.5173604960141718
1833,177,203,0.4390611160318866
1834,177,27,0.3161204605845881
1835,177,28,0.6271922054915854
1836,177,31,0.5513728963684676
1837,177,32,0.6144375553587245
1838,178,179,0.6966341895482728
1839,178,180,0.7593445527015057
1840,178,181,0.699822852081488
1841,178,182,0.7069087688219663
1842,178,186,0.7717449069973428
1843,178,187,0.6679362267493356
1844,178,103,0.7554472984942426
1845,178,104,0.7150575730735164
1846,178,108,0.7837909654561559
1847,178,109,0.7154118689105402
1848,178,117,0.6959255978742249
1849,178,24,0.39760850310008855
1850,178,25,0.541806908768822
1851,178,26,0.5099202834366696
1852,178,27,0.5141718334809565
1853,178,28,0.6438441098317095
1854,178,31,0.5680248007085916
1855,178,32,0.6310894596988486
1856,179,180,0.7033658104517271
1857,179,181,0.7122232063773251
1858,179,182,0.7196634189548272
1859,179,186,0.7157661647475642
1860,179,103,0.6994685562444641
1861,179,104,0.6590788308237377
1862,179,108,0.7278122232063773
1863,179,24,0.5230292294065544
1864,179,27,0.458193091231178
1865,179,28,0.7692648361381753
1866,179,31,0.6934455270150575
1867,179,32,0.7565101860053144
1868,180,181,0.8592559787422498
1869,180,182,0.866696191319752
1870,180,186,0.6530558015943313
1871,180,187,0.5492471213463241
1872,180,103,0.6367581930912312
1873,180,104,0.5963684676705049
1874,180,108,0.6651018600531444
1875,180,28,0.7065544729849423
1876,180,31,0.6307351638618246
1877,180,32,0.6937998228520814
1878,181,182,0.8759078830823738
1879,181,184,0.7370239149689991
1880,181,186,0.662621789193977
1881,181,103,0.645969884853853
1882,181,195,0.8163861824623561
1883,181,104,0.6059344552701506
1884,181,108,0.6743135518157661
1885,182,184,0.7802480070859167
1886,182,186,0.2803365810451727
1887,182,103,0.29627989371124874
1888,182,104,0.2558901682905226
1889,182,28,0.33348095659875987
1890,182,31,0.5010628875110718
1891,183,184,0.3161204605845881
1892,183,185,0.7628875110717449
1893,183,188,0.6403011514614703
1894,183,189,0.6105403011514614
1895,183,191,0.620460584588131
1896,183,192,0.6544729849424269
1897,183,194,0.7678476527900797
1898,183,11,0.4511071744906997
1899,183,12,0.8348095659875996
1900,183,30,0.5992028343666962
1901,99,100,0.6176262178919398
1902,99,101,0.4624446412754649
1903,99,102,0.48299379982285207
1904,99,206,0.3692648361381754
1905,99,209,0.4447298494242692
1906,99,210,0.3756421612046058
1907,99,213,0.5503100088573959
1908,99,216,0.8645704162976084
1909,99,217,0.4939769707705933
1910,99,219,0.8103631532329495
1911,99,49,0.6275465013286093
1912,99,50,0.7515500442869796
1913,99,51,0.7090345438441098
1914,184,185,0.7550930026572188
1915,184,188,0.8489813994685562
1916,184,189,0.8036315323294951
1917,184,191,0.829140832595217
1918,184,192,0.7398582816651904
1919,184,193,0.7720992028343667
1920,184,195,0.7784765279007971
1921,184,196,0.7356067316209034
1922,184,197,0.6307351638618246
1923,184,30,0.7922940655447298
1924,185,188,0.6264836138175377
1925,185,189,0.5967227635075287
1926,185,191,0.6066430469441983
1927,185,192,0.6406554472984942
1928,185,193,0.6434898139946855
1929,185,194,0.7543844109831709
1930,185,11,0.43764393268379087
1931,185,196,0.6799822852081487
1932,185,198,0.7228520814880425
1933,185,12,0.8213463241806909
1934,185,30,0.5857395925597875
1935,186,187,0.45925597874224966
1936,186,103,0.5467670504871568
1937,186,195,0.66651904340124
1938,186,104,0.5067316209034542
1939,186,105,0.41355181576616473
1940,186,108,0.5751107174490699
1941,186,109,0.5067316209034542
1942,186,203,0.42843224092116916
1943,186,137,0.4273693534100973
1944,186,28,0.616563330380868
1945,100,101,0.44650132860938874
1946,100,102,0.4670504871567759
1947,100,203,0.3189548272807794
1948,100,206,0.35296722763507526
1949,100,209,0.42843224092116916
1950,100,210,0.3596988485385296
1951,100,111,0.4482728077945084
1952,100,213,0.5343666961913197
1953,100,216,0.8482728077945084
1954,100,217,0.47803365810451726
1955,100,136,0.5046058458813109
1956,100,137,0.3813108945969884
1957,100,50,0.7352524357838794
1958,100,51,0.6927369353410097
1959,187,190,0.5694419840566873
1960,187,103,0.7377325066430469
1961,187,104,0.6973427812223206
1962,187,105,0.6045172719220548
1963,187,106,0.4943312666076173
1964,187,107,0.41496899911426033
1965,187,108,0.7660761736049602
1966,187,109,0.6976970770593445
1967,187,203,0.6193976970770594
1968,187,110,0.6045172719220548
1969,187,113,0.5899911426040744
1970,187,114,0.6757307351638617
1971,187,115,0.5984942426926484
1972,187,117,0.7728077945084145
1973,187,118,0.6934455270150575
1974,187,119,0.5038972542072631
1975,187,136,0.4776793622674933
1976,187,137,0.6183348095659875
1977,187,25,0.6186891054030115
1978,187,27,0.5910540301151461
1979,187,28,0.720726306465899
1980,187,32,0.708325952170062
1981,188,189,0.8734278122232064
1982,188,191,0.6824623560673162
1983,188,192,0.7465899025686448
1984,188,193,0.7494242692648361
1985,188,194,0.6604960141718335
1986,188,195,0.6930912311780336
1987,188,196,0.7859167404782994
1988,188,197,0.7008857395925597
1989,188,198,0.828786536758193
1990,188,12,0.7274579273693533
1991,188,29,0.7731620903454384
1992,188,30,0.8624446412754649
1993,189,191,0.7278122232063773
1994,189,192,0.6388839681133747
1995,189,193,0.670770593445527
1996,189,194,0.7062001771479185
1997,189,195,0.6771479185119574
1998,189,11,0.5588131089459698
1999,189,196,0.6342781222320637
2000,189,197,0.5467670504871568
2001,189,198,0.6746678476527901
2002,189,12,0.7728077945084145
2003,189,29,0.6190434012400354
2004,189,30,0.6913197519929141
2005,101,102,0.6084145261293179
2006,101,202,0.5690876882196634
2007,101,203,0.5070859167404783
2008,101,110,0.5899911426040744
2009,101,209,0.7026572187776794
2010,101,210,0.6335695305580159
2011,101,111,0.7224977856510185
2012,101,213,0.6757307351638617
2013,101,216,0.5683790965456156
2014,101,217,0.6197519929140832
2015,101,136,0.778830823737821
2016,101,137,0.5694419840566873
2017,101,50,0.46953055801594323
2018,101,51,0.46598759964570413
2019,190,103,0.7044286979627989
2020,190,104,0.6640389725420726
2021,190,105,0.5712134632418069
2022,190,106,0.4610274579273693
2023,190,107,0.3813108945969884
2024,190,108,0.7324180690876883
2025,190,202,0.37670504871567756
2026,190,109,0.6643932683790965
2027,190,203,0.5860938883968113
2028,190,110,0.5712134632418069
2029,190,207,0.32285208148804245
2030,190,111,0.48157661647475636
2031,190,112,0.29911426040744016
2032,190,113,0.5566873339238264
2033,190,114,0.6424269264836138
2034,190,115,0.5651904340124003
2035,190,116,0.4022143489813994
2036,190,117,0.7395039858281665
2037,190,118,0.6601417183348095
2038,190,119,0.4705934455270151
2039,190,136,0.44437555358724534
2040,190,137,0.5850310008857396
2041,190,28,0.6874224977856509
2042,190,32,0.6750221434898139
2043,102,105,0.5860938883968113
2044,102,106,0.7324180690876883
2045,102,107,0.6045172719220548
2046,102,202,0.59955713020372
2047,102,203,0.537555358724535
2048,102,110,0.620460584588131
2049,102,207,0.5460584588131089
2050,102,209,0.733126660761736
2051,102,111,0.7529672276350753
2052,102,213,0.7062001771479185
2053,102,216,0.5988485385296722
2054,102,217,0.649867139061116
2055,102,136,0.8093002657218777
2056,102,137,0.599911426040744
2057,102,51,0.4964570416297608
2058,191,192,0.8298494242692649
2059,191,193,0.8620903454384411
2060,191,194,0.5729849424269264
2061,191,195,0.8684676705048715
2062,191,196,0.8255978742249779
2063,191,197,0.6785651018600531
2064,191,198,0.741275465013286
2065,191,201,0.46669619131975193
2066,191,29,0.7508414526129318
2067,191,30,0.7749335695305579
2068,192,193,0.7508414526129318
2069,192,194,0.6619131975199292
2070,192,195,0.6945084145261293
2071,192,196,0.787333923826395
2072,192,197,0.7023029229406554
2073,192,198,0.8302037201062887
2074,192,12,0.728875110717449
2075,192,29,0.7745792736935341
2076,192,30,0.8638618246235606
2077,103,104,0.520549158547387
2078,103,105,0.6721877767936226
2079,103,201,0.68281665190434
2080,103,108,0.5651904340124003
2081,103,109,0.7653675819309123
2082,103,203,0.7986713906111603
2083,103,110,0.6721877767936226
2084,103,209,0.7930026572187776
2085,103,137,0.6860053144375553
2086,103,28,0.5201948627103632
2087,193,194,0.6300265721877768
2088,193,195,0.8627989371124889
2089,193,196,0.8826395039858281
2090,193,197,0.7356067316209034
2091,193,198,0.7979627989371124
2092,193,201,0.5237378210806023
2093,193,29,0.8078830823737821
2094,193,30,0.8319751992914083
2095,194,196,0.8447298494242692
2096,194,197,0.7596988485385296
2097,194,198,0.8875996457041629
2098,194,205,0.8022143489813994
2099,194,12,0.6371124889282551
2100,194,29,0.8319751992914083
2101,194,30,0.7504871567759078
2102,195,196,0.8263064658990257
2103,195,197,0.6792736935341009
2104,195,198,0.7419840566873339
2105,195,201,0.46740478299379973
2106,195,30,0.7756421612046058
2107,104,105,0.7097431355181576
2108,104,106,0.599911426040744
2109,104,108,0.6027457927369354
2110,104,109,0.8029229406554472
2111,104,203,0.6615589016829052
2112,104,110,0.7100974313551816
2113,104,209,0.6555358724534986
2114,104,113,0.42701505757307345
2115,104,114,0.512400354295837
2116,104,137,0.7239149689991142
2117,104,28,0.557750221434898
2118,104,32,0.5449955713020371
2119,0,13,0.400088573959256
2120,0,14,0.42914083259521696
2121,0,1,0.8043401240035429
2122,0,19,0.4209920283436669
2123,11,12,0.7317094774136403
2124,105,106,0.5878653675819309
2125,105,107,0.45996457041629757
2126,105,108,0.5906997342781222
2127,105,202,0.45500442869796276
2128,105,109,0.7908768821966341
2129,105,203,0.6495128432240921
2130,105,110,0.6980513728963684
2131,105,209,0.6434898139946855
2132,105,111,0.6084145261293179
2133,105,113,0.41496899911426033
2134,105,114,0.5003542958370238
2135,105,115,0.4684676705048716
2136,105,136,0.570859167404783
2137,105,137,0.7118689105403011
2138,196,197,0.7720992028343667
2139,196,198,0.7912311780336581
2140,196,201,0.5602302922940655
2141,196,208,0.7720992028343667
2142,196,12,0.6899025686448184
2143,196,29,0.8443755535872454
2144,196,30,0.82488928255093
2145,197,198,0.7720992028343667
2146,197,201,0.5067316209034542
2147,197,206,0.3232063773250665
2148,197,208,0.7186005314437555
2149,197,133,0.5825509300265722
2150,197,29,0.7908768821966341
2151,197,30,0.8057573073516386
2152,106,107,0.7051372896368467
2153,106,200,0.5386182462356066
2154,106,108,0.6569530558015944
2155,106,202,0.7001771479185119
2156,106,109,0.6445527015057573
2157,106,203,0.7242692648361382
2158,106,204,0.666873339238264
2159,106,110,0.8075287865367582
2160,106,207,0.6466784765279008
2161,106,111,0.7178919397697077
2162,106,213,0.6523472099202834
2163,106,112,0.6225863596102745
2164,106,113,0.5984942426926484
2165,106,114,0.566607617360496
2166,106,115,0.7997342781222321
2167,106,116,0.7260407440212577
2168,106,118,0.5843224092116918
2169,106,119,0.7295837023914968
2170,106,120,0.6909654561558901
2171,106,121,0.6441984056687334
2172,106,136,0.645969884853853
2173,106,137,0.7866253321523472
2174,198,205,0.6629760850310009
2175,198,12,0.6470327723649247
2176,198,29,0.8635075287865368
2177,198,30,0.7820194862710363
2178,199,200,0.895748449955713
2179,199,204,0.8645704162976084
2180,199,207,0.8443755535872454
2181,199,112,0.8206377325066431
2182,199,115,0.628963684676705
2183,199,116,0.6813994685562444
2184,199,119,0.6647475642161205
2185,199,120,0.6463241806908768
2186,199,121,0.7859167404782994
2187,199,122,0.8578387953941541
2188,199,123,0.5389725420726307
2189,199,124,0.625066430469442
2190,199,125,0.7441098317094774
2191,199,127,0.6349867139061116
2192,199,128,0.6969884853852967
2193,199,131,0.5442869796279893
2194,107,200,0.5868024800708591
2195,107,202,0.7483613817537644
2196,107,109,0.6066430469441983
2197,107,204,0.7150575730735164
2198,107,110,0.7696191319751993
2199,107,207,0.6948627103631533
2200,107,111,0.6799822852081487
2201,107,213,0.7005314437555359
2202,107,112,0.670770593445527
2203,107,113,0.599911426040744
2204,107,114,0.5286979627989371
2205,107,115,0.7618246235606732
2206,107,116,0.7742249778565101
2207,107,119,0.7310008857395925
2208,107,120,0.7391496899911426
2209,107,121,0.6923826395039858
2210,107,122,0.5488928255093002
2211,107,136,0.6080602302922941
2212,107,137,0.7487156775907883
2213,200,202,0.8046944198405669
2214,200,204,0.8879539415411869
2215,200,207,0.8677590788308237
2216,200,112,0.8440212577502214
2217,200,115,0.6523472099202834
2218,200,116,0.7047829937998228
2219,200,119,0.6615589016829052
2220,200,120,0.6697077059344553
2221,200,121,0.6229406554472985
2222,200,122,0.6753764393268379
2223,200,123,0.37599645704162976
2224,200,124,0.4620903454384411
2225,200,125,0.5811337466784765
2226,200,128,0.5340124003542958
2227,201,206,0.5974313551815766
2228,201,208,0.6555358724534986
2229,201,209,0.6728963684676705
2230,201,210,0.604162976085031
2231,201,212,0.6353410097431356
2232,201,214,0.5318866253321523
2233,201,133,0.5191319751992913
2234,201,29,0.5765279007971655
2235,108,109,0.8496899911426041
2236,108,203,0.707971656333038
2237,108,110,0.7565101860053144
2238,108,209,0.7023029229406554
2239,108,113,0.47378210806023024
2240,108,114,0.5591674047829938
2241,108,115,0.5272807794508414
2242,108,117,0.6565987599645704
2243,108,118,0.5768821966341895
2244,108,137,0.7703277236492471
2245,108,27,0.474844995571302
2246,108,28,0.6045172719220548
2247,108,32,0.5917626217891939
2248,202,109,0.32143489813994686
2249,202,204,0.4624446412754649
2250,202,110,0.4840566873339238
2251,202,207,0.44224977856510184
2252,202,111,0.6162090345438441
2253,202,213,0.850044286979628
2254,202,112,0.41851195748449943
2255,202,217,0.7937112488928255
2256,202,115,0.4762621789193976
2257,202,116,0.4886625332152347
2258,202,119,0.4454384410983171
2259,202,120,0.45358724534986705
2260,202,136,0.6725420726306466
2261,202,137,0.4631532329495128
2262,109,203,0.7774136403897254
2263,109,110,0.8259521700620018
2264,109,209,0.7717449069973428
2265,109,111,0.7363153232949513
2266,109,113,0.4344552701505757
2267,109,114,0.4939769707705933
2268,109,115,0.5963684676705049
2269,109,117,0.5914083259521701
2270,109,118,0.5116917626217892
2271,109,136,0.6991142604074402
2272,109,137,0.8397697077059345
2273,109,28,0.5393268379096545
2274,203,206,0.7682019486271036
2275,203,110,0.38839681133746673
2276,203,209,0.8436669619131976
2277,203,111,0.46350752878653667
2278,203,113,0.2789193976970771
2279,203,136,0.5198405668733392
2280,203,137,0.4022143489813994
2281,204,110,0.6909654561558901
2282,204,207,0.8989371124889283
2283,204,111,0.6013286093888397
2284,204,213,0.8231178033658104
2285,204,112,0.874844995571302
2286,204,115,0.683525243578388
2287,204,116,0.7356067316209034
2288,204,119,0.6923826395039858
2289,204,120,0.7008857395925597
2290,204,121,0.6537643932683791
2291,204,122,0.5106288751107174
2292,204,124,0.49326837909654553
2293,204,125,0.6123117803365811
2294,204,136,0.645615589016829
2295,205,211,0.8475642161204606
2296,205,215,0.7161204605845881
2297,205,29,0.4705934455270151
2298,205,30,0.4854738706820194
2299,206,208,0.6197519929140832
2300,206,209,0.6371124889282551
2301,206,210,0.5683790965456156
2302,206,212,0.59955713020372
2303,206,214,0.49610274579273683
2304,206,218,0.5733392382639504
2305,206,133,0.483348095659876
2306,206,49,0.5382639503985828
2307,206,50,0.48370239149689986
2308,206,51,0.4411868910540301
2309,110,207,0.6225863596102745
2310,110,209,0.6084145261293179
2311,110,111,0.8294951284322409
2312,110,213,0.7515500442869796
2313,110,112,0.5984942426926484
2314,110,113,0.5276350752878654
2315,110,114,0.45642161204605847
2316,110,115,0.6895482728077944
2317,110,116,0.7019486271036315
2318,110,119,0.6587245349867139
2319,110,136,0.5740478299379982
2320,110,137,0.6764393268379096
2321,207,111,0.6215234720992028
2322,207,213,0.8433126660761736
2323,207,112,0.6346324180690877
2324,207,115,0.703720106288751
2325,207,116,0.7377325066430469
2326,207,119,0.6945084145261293
2327,207,120,0.7026572187776794
2328,207,121,0.6558901682905226
2329,207,122,0.5127546501328609
2330,207,136,0.6658104517271922
2331,208,210,0.40682019486271037
2332,208,212,0.8985828166519043
2333,208,214,0.7951284322409211
2334,208,215,0.6392382639503986
2335,208,218,0.8723649247121346
2336,208,220,0.662621789193977
2337,208,133,0.7823737821080602
2338,208,29,0.38095659875996457
2339,208,49,0.837289636846767
2340,209,210,0.850044286979628
2341,209,217,0.43622674933569516
2342,209,133,0.7395039858281665
2343,209,136,0.5953055801594331
2344,209,137,0.4776793622674933
2345,209,50,0.6860053144375553
2346,209,51,0.6824623560673162
2347,210,212,0.6077059344552701
2348,210,214,0.5042515500442869
2349,210,216,0.6410097431355182
2350,210,218,0.8447298494242692
2351,210,219,0.6594331266607617
2352,210,133,0.80859167404783
2353,210,49,0.8096545615589017
2354,210,50,0.7550930026572188
2355,210,51,0.7515500442869796
2356,211,215,0.7228520814880425
2357,212,214,0.5524357838795394
2358,212,218,0.8929140832595217
2359,212,219,0.7076173604960141
2360,212,220,0.683170947741364
2361,212,133,0.6952170062001771
2362,212,29,0.4015057573073516
2363,212,49,0.8578387953941541
2364,212,50,0.8032772364924712
2365,111,213,0.8401240035429584
2366,111,112,0.4085916740478299
2367,111,113,0.3044286979627989
2368,111,217,0.7837909654561559
2369,111,115,0.4663418954827281
2370,111,116,0.47874224977856505
2371,111,119,0.4355181576616475
2372,111,120,0.44366696191319754
2373,111,136,0.662621789193977
2374,111,137,0.4532329495128432
2375,213,112,0.4875996457041629
2376,213,217,0.8627989371124889
2377,213,116,0.557750221434898
2378,213,136,0.74162976085031
2379,213,137,0.5325952170062002
2380,112,113,0.6052258635961028
2381,112,114,0.474844995571302
2382,112,115,0.6874224977856509
2383,112,116,0.7791851195748449
2384,112,119,0.7359610274579274
2385,112,120,0.7441098317094774
2386,112,121,0.6973427812223206
2387,112,122,0.554207263064659
2388,112,124,0.5368467670504872
2389,112,125,0.6555358724534986
2390,112,136,0.5871567759078831
2391,214,216,0.641718334809566
2392,214,218,0.8844109831709477
2393,214,219,0.6991142604074402
2394,214,133,0.6867139061116032
2395,214,49,0.8493356953055802
2396,214,50,0.7947741364038972
2397,214,51,0.7522586359610274
2398,113,114,0.7887511071744907
2399,113,115,0.7115146147032771
2400,113,116,0.5488928255093002
2401,113,117,0.5031886625332151
2402,113,118,0.42347209920283424
2403,113,119,0.6052258635961028
2404,113,120,0.5318866253321523
2405,113,121,0.48511957484499546
2406,113,123,0.23817537643932685
2407,113,136,0.4847652790079716
2408,113,137,0.6257750221434898
2409,113,25,0.3490699734278122
2410,113,27,0.32143489813994686
2411,113,28,0.4511071744906997
2412,113,32,0.4383525243578388
2413,215,220,0.8950398582816652
2414,216,217,0.4656333038086802
2415,216,218,0.7171833480956599
2416,216,219,0.8649247121346324
2417,216,49,0.6821080602302922
2418,216,50,0.8061116031886625
2419,216,51,0.7635961027457927
2420,114,115,0.8418954827280779
2421,114,116,0.6792736935341009
2422,114,117,0.6335695305580159
2423,114,118,0.5538529672276351
2424,114,119,0.7356067316209034
2425,114,120,0.662267493356953
2426,114,121,0.6155004428697963
2427,114,122,0.47236492471213454
2428,114,123,0.3685562444641275
2429,114,124,0.45500442869796276
2430,114,126,0.40965456155890156
2431,114,127,0.4649247121346324
2432,114,25,0.47945084145261296
2433,114,26,0.4475642161204606
2434,114,27,0.4518157661647475
2435,114,28,0.5814880425155005
2436,114,32,0.5687333923826395
2437,217,136,0.5240921169176262
2438,217,50,0.7550930026572188
2439,217,51,0.712577502214349
2440,218,219,0.7334809565987599
2441,218,133,0.704074402125775
2442,218,49,0.8837023914968999
2443,218,50,0.829140832595217
2444,218,51,0.7866253321523472
2445,219,49,0.7214348981399468
2446,219,50,0.7139946855624446
2447,219,51,0.6714791851195748
2448,115,116,0.7554472984942426
2449,115,117,0.5513728963684676
2450,115,118,0.5187776793622675
2451,115,119,0.8117803365810452
2452,115,120,0.7384410983170947
2453,115,121,0.6916740478299379
2454,115,122,0.5485385296722763
2455,115,123,0.44508414526129303
2456,115,124,0.5311780336581045
2457,115,125,0.649867139061116
2458,115,126,0.48582816651904337
2459,115,127,0.5410983170947741
2460,115,128,0.6027457927369354
2461,115,136,0.533303808680248
2462,116,118,0.4089459698848539
2463,116,119,0.6335695305580159
2464,116,120,0.641718334809566
2465,116,121,0.5949512843224092
2466,116,122,0.6473870682019486
2467,116,123,0.34800708591674057
2468,116,124,0.43410097431355177
2469,116,125,0.5531443755535872
2470,116,128,0.5060230292294066
2471,116,136,0.5868024800708591
2472,117,118,0.8394154118689106
2473,117,119,0.6381753764393269
2474,117,121,0.5180690876882196
2475,117,123,0.2714791851195747
2476,117,126,0.31222320637732504
2477,117,127,0.36749335695305585
2478,117,23,0.3735163861824624
2479,117,24,0.2378210806023029
2480,117,25,0.3820194862710363
2481,117,26,0.35013286093888396
2482,117,27,0.35438441098317086
2483,117,28,0.4840566873339238
2484,117,32,0.4713020372010628
2485,117,33,0.4160318866253321
2486,118,119,0.7104517271922055
2487,118,120,0.6371124889282551
2488,118,121,0.5903454384410983
2489,118,122,0.44720992028343665
2490,118,123,0.34375553587245344
2491,118,124,0.42984942426926476
2492,118,125,0.5485385296722763
2493,118,126,0.3848538529672276
2494,118,127,0.4397697077059344
2495,118,128,0.5014171833480956
2496,118,25,0.45429583702391496
2497,118,26,0.4224092116917626
2498,118,27,0.4266607617360496
2499,118,28,0.5563330380868025
2500,118,32,0.5435783879539415
2501,119,120,0.8457927369353411
2502,119,121,0.7990256864481842
2503,119,122,0.6555358724534986
2504,119,123,0.5520814880425154
2505,119,124,0.6381753764393269
2506,119,125,0.7572187776793622
2507,119,126,0.5931798051372896
2508,119,127,0.6480956598759965
2509,119,128,0.7100974313551816
2510,120,121,0.5740478299379982
2511,120,122,0.6264836138175377
2512,120,123,0.3271036315323296
2513,120,124,0.41319751992914067
2514,120,125,0.5322409211691762
2515,120,127,0.4231178033658104
2516,120,128,0.48511957484499546
2517,121,122,0.5343666961913197
2518,121,123,0.4309123117803365
2519,121,124,0.5170062001771478
2520,121,125,0.6360496014171834
2521,121,126,0.4720106288751107
2522,121,127,0.5269264836138174
2523,121,128,0.5885739592559788
2524,122,123,0.599911426040744
2525,122,124,0.6860053144375553
2526,122,125,0.8050487156775907
2527,122,126,0.6410097431355182
2528,122,127,0.6959255978742249
2529,122,128,0.7579273693534101
2530,123,124,0.8610274579273693
2531,123,125,0.8100088573959257
2532,123,126,0.645969884853853
2533,123,127,0.7008857395925597
2534,123,128,0.762533215234721
2535,123,129,0.5216120460584588
2536,123,130,0.6162090345438441
2537,124,125,0.8681133746678477
2538,124,126,0.704074402125775
2539,124,127,0.7589902568644818
2540,124,128,0.8206377325066431
2541,124,130,0.6743135518157661
2542,124,131,0.6682905225863596
2543,125,126,0.5393268379096545
2544,125,127,0.5945969884853853
2545,125,128,0.6562444641275464
2546,125,130,0.5396811337466785
2547,125,131,0.603808680248007
2548,126,127,0.4217006200177148
2549,126,128,0.4705934455270151
2550,126,129,0.6806908768821966
2551,126,130,0.5085031000885739
2552,126,36,0.38308237378210797
2553,127,128,0.66651904340124
2554,127,129,0.6257750221434898
2555,127,130,0.5198405668733392
2556,127,131,0.5141718334809565
2557,128,129,0.5637732506643046
2558,128,130,0.6023914968999113
2559,128,131,0.5967227635075287
2560,129,130,0.33879539415411863
2561,129,16,0.3161204605845881
2562,129,17,0.40611160318866246
2563,129,18,0.30265721877767937
2564,129,34,0.41319751992914067
2565,129,36,0.20628875110717448
2566,129,37,0.28777679362267494
2567,12,30,0.683525243578388
2568,130,131,0.8550044286979628
2569,130,132,0.5531443755535872
2570,130,221,0.5325952170062002
2571,131,132,0.6169176262178919
2572,131,221,0.5967227635075287
2573,132,221,0.8433126660761736
2574,133,29,0.5007085916740478
2575,133,49,0.7363153232949513
2576,133,50,0.6817537643932683
2577,133,51,0.6782108060230292
2578,13,14,0.5921169176262179
2579,13,15,0.4238263950398582
2580,13,1,0.7058458813108945
2581,13,19,0.5839681133746678
2582,13,41,0.47874224977856505
2583,13,47,0.5485385296722763
2584,136,137,0.7097431355181576
2585,14,15,0.545704162976085
2586,14,1,0.6767936226749335
2587,14,41,0.6006200177147918
2588,14,43,0.6704162976085031
2589,14,47,0.6704162976085031
2590,15,16,0.7993799822852081
2591,15,17,0.6541186891054029
2592,15,18,0.7511957484499556
2593,15,19,0.11665190434012396
2594,15,20,0.36891054030115134
2595,15,22,0.47449069973427804
2596,15,34,0.5017714791851196
2597,15,35,0.8046944198405669
2598,15,36,0.6544729849424269
2599,15,37,0.7359610274579274
2600,15,38,0.6984056687333924
2601,15,39,0.47732506643046946
2602,15,40,0.4656333038086802
2603,15,41,0.370682019486271
2604,15,45,0.5637732506643046
2605,15,46,0.3986713906111603
2606,15,47,0.41780336581045174
2607,15,48,0.4050487156775908
2608,1,19,0.5357838795394153
2609,1,2,0.6689991142604075
2610,1,3,0.6052258635961028
2611,1,4,0.6569530558015944
2612,16,17,0.6994685562444641
2613,16,18,0.870947741364039
2614,16,20,0.4886625332152347
2615,16,34,0.6215234720992028
2616,16,35,0.850044286979628
2617,16,36,0.7745792736935341
2618,16,37,0.8557130203720107
2619,16,38,0.7437555358724535
2620,16,39,0.5226749335695305
2621,16,40,0.5109831709477413
2622,16,41,0.4160318866253321
2623,16,45,0.6091231178033658
2624,16,46,0.4440212577502214
2625,16,48,0.4503985828166518
2626,17,18,0.8156775907883083
2627,17,20,0.43339238263950397
2628,17,34,0.5662533215234721
2629,17,35,0.8100088573959257
2630,17,36,0.7193091231178033
2631,17,37,0.8004428697962799
2632,17,38,0.703720106288751
2633,17,39,0.4826395039858281
2634,17,40,0.47094774136403894
2635,17,45,0.5690876882196634
2636,17,48,0.4103631532329495
2637,18,20,0.5007085916740478
2638,18,34,0.6335695305580159
2639,18,35,0.541806908768822
2640,18,36,0.391585473870682
2641,18,37,0.4727192205491585
2642,18,38,0.4355181576616475
2643,18,39,0.33348095659875987
2644,18,40,0.3217891939769707
2645,19,20,0.4720106288751107
2646,19,21,0.7883968113374668
2647,19,22,0.5779450841452612
2648,19,33,0.666873339238264
2649,19,34,0.5733392382639504
2650,19,3,0.449689991142604
2651,19,4,0.5173604960141718
2652,20,21,0.2413640389725421
2653,20,22,0.4624446412754649
2654,20,23,0.32639503985828155
2655,20,24,0.37316209034543846
2656,20,25,0.5063773250664304
2657,20,26,0.47449069973427804
2658,20,33,0.3692648361381754
2659,20,34,0.8844109831709477
2660,20,35,0.7926483613817537
2661,20,36,0.6424269264836138
2662,20,37,0.7239149689991142
2663,20,38,0.6863596102745793
2664,21,22,0.44083259521700613
2665,21,23,0.48724534986713897
2666,21,24,0.5694419840566873
2667,21,26,0.40115146147032776
2668,21,31,0.5304694419840567
2669,21,33,0.5301151461470328
2670,21,34,0.43658104517271923
2671,21,36,0.19424269264836125
2672,21,3,0.31293179805137283
2673,21,4,0.3806023029229406
2674,22,23,0.22046058458813111
2675,22,24,0.2672276350752879
2676,22,25,0.40044286979627985
2677,22,26,0.3685562444641275
2678,22,27,0.3728077945084145
2679,22,31,0.2551815766164748
2680,22,33,0.26333038086802485
2681,22,34,0.7784765279007971
2682,22,36,0.5364924712134632
2683,22,37,0.6176262178919398
2684,22,4,0.09999999999999998
2685,23,24,0.5492471213463241
2686,23,25,0.4936226749335695
2687,23,26,0.83303808680248
2688,23,27,0.46598759964570413
2689,23,28,0.5184233835252435
2690,23,31,0.7196634189548272
2691,23,32,0.5056687333923826
2692,23,33,0.7278122232063773
2693,23,34,0.6339238263950399
2694,23,36,0.39193976970770583
2695,24,25,0.645615589016829
2696,24,26,0.7508414526129318
2697,24,27,0.6179805137289637
2698,24,28,0.5598759964570416
2699,24,31,0.6619131975199292
2700,24,32,0.5892825509300266
2701,24,33,0.8798051372896368
2702,24,34,0.7859167404782994
2703,24,4,0.512400354295837
2704,25,26,0.6527015057573073
2705,25,27,0.5198405668733392
2706,25,28,0.5719220549158547
2707,25,31,0.7735163861824623
2708,25,32,0.5595217006200177
2709,25,33,0.7813108945969884
2710,25,36,0.44579273693534094
2711,26,27,0.5520814880425154
2712,26,28,0.6045172719220548
2713,26,31,0.8057573073516386
2714,26,32,0.5917626217891939
2715,26,33,0.8139061116031887
2716,26,34,0.7200177147918512
2717,26,36,0.47803365810451726
2718,27,28,0.8596102745792737
2719,27,31,0.7671390611160318
2720,27,32,0.8890168290522587
2721,27,33,0.7752878653675819
2722,28,31,0.637466784765279
2723,28,32,0.7008857395925597
2724,28,33,0.645615589016829
2725,29,30,0.7334809565987599
2726,31,32,0.7051372896368467
2727,31,33,0.649867139061116
2728,32,33,0.7586359610274579
2729,33,34,0.8252435783879539
2730,33,36,0.582905225863596
2731,34,35,0.8270150575730735
2732,34,36,0.6771479185119574
2733,34,37,0.758281665190434
2734,34,38,0.7210806023029229
2735,35,36,0.582905225863596
2736,35,37,0.6643932683790965
2737,35,38,0.8128432240921168
2738,35,39,0.5917626217891939
2739,35,40,0.5800708591674048
2740,35,41,0.4854738706820194
2741,35,45,0.6782108060230292
2742,35,46,0.5131089459698848
2743,35,47,0.42559787422497775
2744,35,48,0.5194862710363153
2745,2,3,0.8553587245349867
2746,2,4,0.7862710363153232
2747,36,37,0.6055801594331266
2748,36,38,0.5680248007085916
2749,37,38,0.4868910540301151
2750,37,39,0.26545615589016824
2751,37,40,0.2541186891054029
2752,38,39,0.5116917626217892
2753,38,40,0.5003542958370238
2754,38,41,0.4620903454384411
2755,38,42,0.5067316209034542
2756,38,45,0.5984942426926484
2757,38,46,0.47236492471213454
2758,38,47,0.5318866253321523
2759,38,48,0.4397697077059344
2760,39,40,0.5573959255978742
2761,39,41,0.4624446412754649
2762,39,42,0.5637732506643046
2763,39,43,0.37812223206377327
2764,39,44,0.6023914968999113
2765,39,45,0.6555358724534986
2766,39,46,0.4900797165633304
2767,39,47,0.3784765279007972
2768,39,48,0.49681133746678474
2769,40,41,0.5464127546501328
2770,40,42,0.6477413640389725
2771,40,44,0.6863596102745793
2772,40,45,0.7395039858281665
2773,40,46,0.5740478299379982
2774,40,47,0.43268379096545606
2775,40,48,0.5807794508414525
2776,41,42,0.5226749335695305
2777,41,43,0.4698848538529672
2778,41,44,0.5612931798051373
2779,41,45,0.6144375553587245
2780,41,46,0.44933569530558015
2781,41,47,0.47023914968999103
2782,41,48,0.4560673162090345
2783,3,4,0.8496899911426041
2784,42,43,0.3065544729849424
2785,42,44,0.6356953055801594
2786,42,45,0.49610274579273683
2787,42,46,0.5237378210806023
2788,42,47,0.3065544729849424
2789,42,48,0.3462356067316209
2790,43,44,0.7324180690876883
2791,43,45,0.5928255093002657
2792,43,46,0.620460584588131
2793,43,47,0.40327723649247116
2794,43,48,0.44295837023914963
2795,44,45,0.7791851195748449
2796,44,46,0.33596102745792733
2797,44,47,0.1945969884853853
2798,44,48,0.620814880425155
2799,45,46,0.474844995571302
2800,45,47,0.33348095659875987
2801,45,48,0.7596988485385296
2802,46,47,0.3154118689105403
2803,46,48,0.741275465013286
2804,47,48,0.3862710363153232
2805,49,50,0.8645704162976084
2806,49,51,0.8220549158547387
2807,50,51,0.8766164747564216
2808,5,5,1.0
2809,52,52,1.0
2810,53,53,1.0
2811,54,54,1.0
2812,55,55,1.0
2813,56,56,1.0
2814,57,57,1.0
2815,6,6,1.0
2816,58,58,1.0
2817,59,59,1.0
2818,60,60,1.0
2819,61,61,1.0
2820,62,62,1.0
2821,7,7,1.0
2822,63,63,1.0
2823,64,64,1.0
2824,65,65,1.0
2825,66,66,1.0
2826,67,67,1.0
2827,68,68,1.0
2828,69,69,1.0
2829,70,70,1.0
2830,71,71,1.0
2831,72,72,1.0
2832,8,8,1.0
2833,73,73,1.0
2834,74,74,1.0
2835,75,75,1.0
2836,76,76,1.0
2837,77,77,1.0
2838,9,9,1.0
2839,78,78,1.0
2840,79,79,1.0
2841,80,80,1.0
2842,81,81,1.0
2843,82,82,1.0
2844,83,83,1.0
2845,84,84,1.0
2846,85,85,1.0
2847,86,86,1.0
2848,138,138,1.0
2849,87,87,1.0
2850,139,139,1.0
2851,140,140,1.0
2852,88,88,1.0
2853,141,141,1.0
2854,142,142,1.0
2855,89,89,1.0
2856,143,143,1.0
2857,144,144,1.0
2858,145,145,1.0
2859,90,90,1.0
2860,146,146,1.0
2861,147,147,1.0
2862,91,91,1.0
2863,148,148,1.0
2864,149,149,1.0
2865,150,150,1.0
2866,151,151,1.0
2867,92,92,1.0
2868,152,152,1.0
2869,153,153,1.0
2870,154,154,1.0
2871,93,93,1.0
2872,155,155,1.0
2873,156,156,1.0
2874,94,94,1.0
2875,157,157,1.0
2876,158,158,1.0
2877,159,159,1.0
2878,160,160,1.0
2879,161,161,1.0
2880,95,95,1.0
2881,162,162,1.0
2882,163,163,1.0
2883,164,164,1.0
2884,165,165,1.0
2885,166,166,1.0
2886,167,167,1.0
2887,96,96,1.0
2888,168,168,1.0
2889,169,169,1.0
2890,170,170,1.0
2891,171,171,1.0
2892,97,97,1.0
2893,172,172,1.0
2894,173,173,1.0
2895,10,10,1.0
2896,98,98,1.0
2897,174,174,1.0
2898,175,175,1.0
2899,176,176,1.0
2900,177,177,1.0
2901,178,178,1.0
2902,179,179,1.0
2903,180,180,1.0
2904,181,181,1.0
2905,182,182,1.0
2906,183,183,1.0
2907,99,99,1.0
2908,184,184,1.0
2909,185,185,1.0
2910,186,186,1.0
2911,100,100,1.0
2912,187,187,1.0
2913,188,188,1.0
2914,189,189,1.0
2915,101,101,1.0
2916,190,190,1.0
2917,102,102,1.0
2918,191,191,1.0
2919,192,192,1.0
2920,103,103,1.0
2921,193,193,1.0
2922,194,194,1.0
2923,195,195,1.0
2924,104,104,1.0
2925,0,0,1.0
2926,11,11,1.0
2927,105,105,1.0
2928,196,196,1.0
2929,197,197,1.0
2930,106,106,1.0
2931,198,198,1.0
2932,199,199,1.0
2933,107,107,1.0
2934,200,200,1.0
2935,201,201,1.0
2936,108,108,1.0
2937,202,202,1.0
2938,109,109,1.0
2939,203,203,1.0
2940,204,204,1.0
2941,205,205,1.0
2942,206,206,1.0
2943,110,110,1.0
2944,207,207,1.0
2945,208,208,1.0
2946,209,209,1.0
2947,210,210,1.0
2948,211,211,1.0
2949,212,212,1.0
2950,111,111,1.0
2951,213,213,1.0
2952,112,112,1.0
2953,214,214,1.0
2954,113,113,1.0
2955,215,215,1.0
2956,216,216,1.0
2957,114,114,1.0
2958,217,217,1.0
2959,218,218,1.0
2960,219,219,1.0
2961,115,115,1.0
2962,220,220,1.0
2963,116,116,1.0
2964,117,117,1.0
2965,118,118,1.0
2966,119,119,1.0
2967,120,120,1.0
2968,121,121,1.0
2969,122,122,1.0
2970,123,123,1.0
2971,124,124,1.0
2972,125,125,1.0
2973,126,126,1.0
2974,127,127,1.0
2975,128,128,1.0
2976,129,129,1.0
2977,12,12,1.0
2978,130,130,1.0
2979,131,131,1.0
2980,132,132,1.0
2981,133,133,1.0
2982,134,134,1.0
2983,13,13,1.0
2984,135,135,1.0
2985,136,136,1.0
2986,137,137,1.0
2987,14,14,1.0
2988,221,221,1.0
2989,15,15,1.0
2990,1,1,1.0
2991,16,16,1.0
2992,17,17,1.0
2993,18,18,1.0
2994,19,19,1.0
2995,20,20,1.0
2996,21,21,1.0
2997,22,22,1.0
2998,23,23,1.0
2999,24,24,1.0
3000,25,25,1.0
3001,26,26,1.0
3002,27,27,1.0
3003,28,28,1.0
3004,29,29,1.0
3005,30,30,1.0
3006,31,31,1.0
3007,32,32,1.0
3008,33,33,1.0
3009,34,34,1.0
3010,35,35,1.0
3011,2,2,1.0
3012,36,36,1.0
3013,37,37,1.0
3014,38,38,1.0
3015,39,39,1.0
3016,40,40,1.0
3017,41,41,1.0
3018,3,3,1.0
3019,42,42,1.0
3020,43,43,1.0
3021,44,44,1.0
3022,45,45,1.0
3023,4,4,1.0
3024,46,46,1.0
3025,47,47,1.0
3026,48,48,1.0
3027,49,49,1.0
3028,50,50,1.0
3029,51,51,1.0
